instant,dteday,season,yr,mnth,holiday,weekday,workingday,weathersit,temp,hum,windspeed,casual,registered,cnt,day_type,temp_category,cnt_log,data_source
1,2011-01-01,Spring,0,1,0,6,0,2,0.344167,0.805833,0.160446,331,654,985,Weekend,Mild,6.893656354602635,day
2,2011-01-02,Spring,0,1,0,0,0,2,0.363478,0.696087,0.248539,131,670,801,Weekend,Mild,6.687108607866515,day
3,2011-01-03,Spring,0,1,0,1,1,1,0.196364,0.437273,0.248309,120,1229,1349,Weekday,Cold,7.2078598714324755,day
4,2011-01-04,Spring,0,1,0,2,1,1,0.2,0.590435,0.160296,108,1454,1562,Weekday,Cold,7.354362330421477,day
5,2011-01-05,Spring,0,1,0,3,1,1,0.226957,0.436957,0.1869,82,1518,1600,Weekday,Cold,7.378383712996714,day
6,2011-01-06,Spring,0,1,0,4,1,1,0.204348,0.518261,0.0895652,88,1518,1606,Weekday,Cold,7.382124365737512,day
7,2011-01-07,Spring,0,1,0,5,1,2,0.196522,0.498696,0.168726,148,1362,1510,Weekday,Cold,7.32052696227274,day
8,2011-01-08,Spring,0,1,0,6,0,2,0.165,0.535833,0.266804,68,891,959,Weekend,Cold,6.866933284461882,day
9,2011-01-09,Spring,0,1,0,0,0,1,0.138333,0.434167,0.36195,54,768,822,Weekend,Cold,6.71295620067707,day
10,2011-01-10,Spring,0,1,0,1,1,1,0.150833,0.482917,0.223267,41,1280,1321,Weekday,Cold,7.186901020411631,day
11,2011-01-11,Spring,0,1,0,2,1,2,0.169091,0.686364,0.122132,43,1220,1263,Weekday,Cold,7.142036574706803,day
12,2011-01-12,Spring,0,1,0,3,1,1,0.172727,0.599545,0.304627,25,1137,1162,Weekday,Cold,7.0587581525186645,day
13,2011-01-13,Spring,0,1,0,4,1,1,0.165,0.470417,0.301,38,1368,1406,Weekday,Cold,7.249215057114389,day
14,2011-01-14,Spring,0,1,0,5,1,1,0.16087,0.537826,0.126548,54,1367,1421,Weekday,Cold,7.259819610363186,day
15,2011-01-15,Spring,0,1,0,6,0,2,0.233333,0.49875,0.157963,222,1026,1248,Weekend,Cold,7.130098510125578,day
16,2011-01-16,Spring,0,1,0,0,0,1,0.231667,0.48375,0.188433,251,953,1204,Weekend,Cold,7.094234845924755,day
17,2011-01-17,Spring,0,1,1,1,0,2,0.175833,0.5375,0.194017,117,883,1000,Weekday,Cold,6.90875477931522,day
18,2011-01-18,Spring,0,1,0,2,1,2,0.216667,0.861667,0.146775,9,674,683,Weekday,Cold,6.52795791762255,day
19,2011-01-19,Spring,0,1,0,3,1,2,0.292174,0.741739,0.208317,78,1572,1650,Weekday,Cold,7.409136443920128,day
20,2011-01-20,Spring,0,1,0,4,1,2,0.261667,0.538333,0.195904,83,1844,1927,Weekday,Cold,7.564238475170491,day
21,2011-01-21,Spring,0,1,0,5,1,1,0.1775,0.457083,0.353242,75,1468,1543,Weekday,Cold,7.342131730584722,day
22,2011-01-22,Spring,0,1,0,6,0,1,0.0591304,0.4,0.17197,93,888,981,Weekend,Cold,6.889591308354466,day
23,2011-01-23,Spring,0,1,0,0,0,1,0.0965217,0.436522,0.2466,150,836,986,Weekend,Cold,6.894670039433482,day
24,2011-01-24,Spring,0,1,0,1,1,1,0.0973913,0.491739,0.15833,86,1330,1416,Weekday,Cold,7.256297239690681,day
25,2011-01-25,Spring,0,1,0,2,1,2,0.223478,0.616957,0.129796,186,1799,1985,Weekday,Cold,7.593877844605118,day
26,2011-01-26,Spring,0,1,0,3,1,3,0.2175,0.8625,0.29385,34,472,506,Weekday,Cold,6.228511003591184,day
27,2011-01-27,Spring,0,1,0,4,1,1,0.195,0.6875,0.113837,15,416,431,Weekday,Cold,6.068425588244111,day
28,2011-01-28,Spring,0,1,0,5,1,2,0.203478,0.793043,0.1233,38,1129,1167,Weekday,Cold,7.0630481633881725,day
29,2011-01-29,Spring,0,1,0,6,0,1,0.196522,0.651739,0.145365,123,975,1098,Weekend,Cold,7.002155954403621,day
30,2011-01-30,Spring,0,1,0,0,0,1,0.216522,0.722174,0.0739826,140,956,1096,Weekend,Cold,7.00033446027523,day
31,2011-01-31,Spring,0,1,0,1,1,2,0.180833,0.60375,0.187192,42,1459,1501,Weekday,Cold,7.31455283232408,day
32,2011-02-01,Spring,0,2,0,2,1,2,0.192174,0.829565,0.053213,47,1313,1360,Weekday,Cold,7.215975002651466,day
33,2011-02-02,Spring,0,2,0,3,1,2,0.26,0.775417,0.264308,72,1454,1526,Weekday,Cold,7.331060305218632,day
34,2011-02-03,Spring,0,2,0,4,1,1,0.186957,0.437826,0.277752,61,1489,1550,Weekday,Cold,7.346655163176539,day
35,2011-02-04,Spring,0,2,0,5,1,2,0.211304,0.585217,0.127839,88,1620,1708,Weekday,Cold,7.443663683115591,day
36,2011-02-05,Spring,0,2,0,6,0,2,0.233333,0.929167,0.161079,100,905,1005,Weekend,Cold,6.913737350659685,day
37,2011-02-06,Spring,0,2,0,0,0,1,0.285833,0.568333,0.1418,354,1269,1623,Weekend,Cold,7.392647520721623,day
38,2011-02-07,Spring,0,2,0,1,1,1,0.271667,0.738333,0.0454083,120,1592,1712,Weekday,Cold,7.44600149832412,day
39,2011-02-08,Spring,0,2,0,2,1,1,0.220833,0.537917,0.36195,64,1466,1530,Weekday,Cold,7.333676395657684,day
40,2011-02-09,Spring,0,2,0,3,1,2,0.134783,0.494783,0.188839,53,1552,1605,Weekday,Cold,7.381501894506707,day
41,2011-02-10,Spring,0,2,0,4,1,1,0.144348,0.437391,0.221935,47,1491,1538,Weekday,Cold,7.338888133838879,day
42,2011-02-11,Spring,0,2,0,5,1,1,0.189091,0.506364,0.10855,149,1597,1746,Weekday,Cold,7.465655310134056,day
43,2011-02-12,Spring,0,2,0,6,0,1,0.2225,0.544167,0.203367,288,1184,1472,Weekend,Cold,7.29505641646263,day
44,2011-02-13,Spring,0,2,0,0,0,1,0.316522,0.457391,0.260883,397,1192,1589,Weekend,Mild,7.371489295214277,day
45,2011-02-14,Spring,0,2,0,1,1,1,0.415,0.375833,0.417908,208,1705,1913,Weekday,Mild,7.5569505720129,day
46,2011-02-15,Spring,0,2,0,2,1,1,0.266087,0.314348,0.291374,140,1675,1815,Weekday,Cold,7.504391559161238,day
47,2011-02-16,Spring,0,2,0,3,1,1,0.318261,0.423478,0.251791,218,1897,2115,Weekday,Mild,7.65728279297819,day
48,2011-02-17,Spring,0,2,0,4,1,1,0.435833,0.505,0.230104,259,2216,2475,Weekday,Mild,7.814399633804487,day
49,2011-02-18,Spring,0,2,0,5,1,1,0.521667,0.516667,0.264925,579,2348,2927,Weekday,Mild,7.982074875081202,day
50,2011-02-19,Spring,0,2,0,6,0,1,0.399167,0.187917,0.507463,532,1103,1635,Weekend,Mild,7.400009517162692,day
51,2011-02-20,Spring,0,2,0,0,0,1,0.285217,0.407826,0.223235,639,1173,1812,Weekend,Cold,7.502738210754851,day
52,2011-02-21,Spring,0,2,1,1,0,2,0.303333,0.605,0.307846,195,912,1107,Weekday,Mild,7.010311867307229,day
53,2011-02-22,Spring,0,2,0,2,1,1,0.182222,0.577778,0.195683,74,1376,1450,Weekday,Cold,7.280008252884188,day
54,2011-02-23,Spring,0,2,0,3,1,1,0.221739,0.423043,0.094113,139,1778,1917,Weekday,Cold,7.559038255443384,day
55,2011-02-24,Spring,0,2,0,4,1,2,0.295652,0.697391,0.250496,100,1707,1807,Weekday,Cold,7.4999765409521215,day
56,2011-02-25,Spring,0,2,0,5,1,2,0.364348,0.712174,0.346539,120,1341,1461,Weekday,Mild,7.2875606403097235,day
57,2011-02-26,Spring,0,2,0,6,0,1,0.2825,0.537917,0.186571,424,1545,1969,Weekend,Cold,7.585788821732034,day
58,2011-02-27,Spring,0,2,0,0,0,1,0.343478,0.68,0.125248,694,1708,2402,Weekend,Mild,7.784473235736469,day
59,2011-02-28,Spring,0,2,0,1,1,2,0.407273,0.876364,0.289686,81,1365,1446,Weekday,Mild,7.277247726631484,day
60,2011-03-01,Spring,0,3,0,2,1,1,0.266667,0.535,0.216425,137,1714,1851,Weekday,Cold,7.524021415206125,day
61,2011-03-02,Spring,0,3,0,3,1,1,0.335,0.449583,0.307833,231,1903,2134,Weekday,Mild,7.666221925662725,day
62,2011-03-03,Spring,0,3,0,4,1,1,0.198333,0.318333,0.225754,123,1562,1685,Weekday,Cold,7.430114138561801,day
63,2011-03-04,Spring,0,3,0,5,1,2,0.261667,0.610417,0.203346,214,1730,1944,Weekday,Cold,7.573017256052546,day
64,2011-03-05,Spring,0,3,0,6,0,2,0.384167,0.789167,0.251871,640,1437,2077,Weekend,Mild,7.639161171659173,day
65,2011-03-06,Spring,0,3,0,0,0,2,0.376522,0.948261,0.343287,114,491,605,Weekend,Mild,6.406879986069314,day
66,2011-03-07,Spring,0,3,0,1,1,1,0.261739,0.551304,0.341352,244,1628,1872,Weekday,Cold,7.535296702444088,day
67,2011-03-08,Spring,0,3,0,2,1,1,0.2925,0.420833,0.12065,316,1817,2133,Weekday,Cold,7.665753431861699,day
68,2011-03-09,Spring,0,3,0,3,1,2,0.295833,0.775417,0.22015,191,1700,1891,Weekday,Cold,7.545389749611823,day
70,2011-03-11,Spring,0,3,0,5,1,2,0.316522,0.649565,0.23297,247,1730,1977,Weekday,Mild,7.589841512182657,day
71,2011-03-12,Spring,0,3,0,6,0,1,0.329167,0.594583,0.220775,724,1408,2132,Weekend,Mild,7.665284718471351,day
72,2011-03-13,Spring,0,3,0,0,0,1,0.384348,0.527391,0.270604,982,1435,2417,Weekend,Mild,7.790696031174738,day
73,2011-03-14,Spring,0,3,0,1,1,1,0.325217,0.496957,0.136926,359,1687,2046,Weekday,Mild,7.624130585661289,day
74,2011-03-15,Spring,0,3,0,2,1,2,0.317391,0.655652,0.184309,289,1767,2056,Weekday,Mild,7.629003889652957,day
75,2011-03-16,Spring,0,3,0,3,1,2,0.365217,0.776522,0.203117,321,1871,2192,Weekday,Mild,7.693025748417888,day
76,2011-03-17,Spring,0,3,0,4,1,1,0.415,0.602917,0.209579,424,2320,2744,Weekday,Mild,7.917536353943631,day
77,2011-03-18,Spring,0,3,0,5,1,1,0.54,0.525217,0.231017,884,2355,3239,Weekday,Mild,8.083328608786376,day
78,2011-03-19,Spring,0,3,0,6,0,1,0.4725,0.379167,0.368167,1424,1693,3117,Weekend,Mild,8.044947049617722,day
79,2011-03-20,Spring,0,3,0,0,0,1,0.3325,0.47375,0.207721,1047,1424,2471,Weekend,Mild,7.812782818577581,day
80,2011-03-21,Summer,0,3,0,1,1,2,0.430435,0.737391,0.288783,401,1676,2077,Weekday,Mild,7.639161171659173,day
81,2011-03-22,Summer,0,3,0,2,1,1,0.441667,0.624583,0.22575,460,2243,2703,Weekday,Mild,7.902487437162855,day
82,2011-03-23,Summer,0,3,0,3,1,2,0.346957,0.839565,0.234261,203,1918,2121,Weekday,Mild,7.660114319173928,day
83,2011-03-24,Summer,0,3,0,4,1,2,0.285,0.805833,0.243787,166,1699,1865,Weekday,Cold,7.531552381407289,day
84,2011-03-25,Summer,0,3,0,5,1,1,0.264167,0.495,0.230725,300,1910,2210,Weekday,Cold,7.701200180857446,day
85,2011-03-26,Summer,0,3,0,6,0,1,0.265833,0.394167,0.209571,981,1515,2496,Weekend,Cold,7.822845290279774,day
86,2011-03-27,Summer,0,3,0,0,0,2,0.253043,0.493913,0.1843,472,1221,1693,Weekend,Cold,7.434847875211999,day
87,2011-03-28,Summer,0,3,0,1,1,1,0.264348,0.302174,0.212204,222,1806,2028,Weekday,Cold,7.615298339825815,day
88,2011-03-29,Summer,0,3,0,2,1,1,0.3025,0.314167,0.226996,317,2108,2425,Weekday,Mild,7.793999089503996,day
89,2011-03-30,Summer,0,3,0,3,1,2,0.3,0.646667,0.172888,168,1368,1536,Weekday,Cold,7.337587743538596,day
90,2011-03-31,Summer,0,3,0,4,1,3,0.268333,0.918333,0.217646,179,1506,1685,Weekday,Cold,7.430114138561801,day
91,2011-04-01,Summer,0,4,0,5,1,2,0.3,0.68625,0.258708,307,1920,2227,Weekday,Cold,7.708859601047175,day
92,2011-04-02,Summer,0,4,0,6,0,2,0.315,0.65375,0.197146,898,1354,2252,Weekend,Mild,7.720017940432244,day
93,2011-04-03,Summer,0,4,0,0,0,1,0.378333,0.48,0.182213,1651,1598,3249,Weekend,Mild,8.086410275323782,day
94,2011-04-04,Summer,0,4,0,1,1,1,0.573333,0.42625,0.385571,734,2381,3115,Weekday,Mild,8.044305406990638,day
95,2011-04-05,Summer,0,4,0,2,1,2,0.414167,0.642083,0.388067,167,1628,1795,Weekday,Mild,7.493317248862145,day
96,2011-04-06,Summer,0,4,0,3,1,1,0.390833,0.470833,0.263063,413,2395,2808,Weekday,Mild,7.940583827104244,day
97,2011-04-07,Summer,0,4,0,4,1,1,0.4375,0.602917,0.162312,571,2570,3141,Weekday,Mild,8.052614818815567,day
98,2011-04-08,Summer,0,4,0,5,1,2,0.335833,0.83625,0.226992,172,1299,1471,Weekday,Mild,7.294377299288821,day
99,2011-04-09,Summer,0,4,0,6,0,2,0.3425,0.8775,0.133083,879,1576,2455,Weekend,Mild,7.806289289267033,day
100,2011-04-10,Summer,0,4,0,0,0,2,0.426667,0.8575,0.146767,1188,1707,2895,Weekend,Mild,7.971085753505607,day
101,2011-04-11,Summer,0,4,0,1,1,2,0.595652,0.716956,0.324474,855,2493,3348,Weekday,Mild,8.116417072794205,day
102,2011-04-12,Summer,0,4,0,2,1,2,0.5025,0.739167,0.274879,257,1777,2034,Weekday,Mild,7.618251097876695,day
103,2011-04-13,Summer,0,4,0,3,1,2,0.4125,0.819167,0.250617,209,1953,2162,Weekday,Mild,7.679251425953058,day
104,2011-04-14,Summer,0,4,0,4,1,1,0.4675,0.540417,0.1107,529,2738,3267,Weekday,Mild,8.091933455979893,day
105,2011-04-15,Summer,0,4,1,5,0,1,0.446667,0.67125,0.226375,642,2484,3126,Weekday,Mild,8.047829357457841,day
106,2011-04-16,Summer,0,4,0,6,0,3,0.430833,0.888333,0.340808,121,674,795,Weekend,Mild,6.679599185844383,day
107,2011-04-17,Summer,0,4,0,0,0,1,0.456667,0.479583,0.303496,1558,2186,3744,Weekend,Mild,8.22817689595132,day
108,2011-04-18,Summer,0,4,0,1,1,1,0.5125,0.5425,0.163567,669,2760,3429,Weekday,Mild,8.140315540159985,day
109,2011-04-19,Summer,0,4,0,2,1,2,0.505833,0.665833,0.157971,409,2795,3204,Weekday,Mild,8.07246736935477,day
110,2011-04-20,Summer,0,4,0,3,1,1,0.595,0.614167,0.241925,613,3331,3944,Weekday,Mild,8.280204233279974,day
111,2011-04-21,Summer,0,4,0,4,1,1,0.459167,0.407083,0.325258,745,3444,4189,Weekday,Mild,8.340456012916183,day
112,2011-04-22,Summer,0,4,0,5,1,2,0.336667,0.729583,0.219521,177,1506,1683,Weekday,Mild,7.428927194802272,day
113,2011-04-23,Summer,0,4,0,6,0,2,0.46,0.887917,0.230725,1462,2574,4036,Weekend,Mild,8.30325712085294,day
114,2011-04-24,Summer,0,4,0,0,0,2,0.581667,0.810833,0.192175,1710,2481,4191,Weekend,Mild,8.340933226000878,day
115,2011-04-25,Summer,0,4,0,1,1,1,0.606667,0.776667,0.185333,773,3300,4073,Weekday,Warm,8.31238059678675,day
116,2011-04-26,Summer,0,4,0,2,1,1,0.631667,0.729167,0.3265,678,3722,4400,Weekday,Warm,8.38958706681109,day
117,2011-04-27,Summer,0,4,0,3,1,2,0.62,0.835417,0.3122,547,3325,3872,Weekday,Warm,8.261784679514752,day
118,2011-04-28,Summer,0,4,0,4,1,2,0.6175,0.700833,0.320908,569,3489,4058,Weekday,Warm,8.308691916838898,day
119,2011-04-29,Summer,0,4,0,5,1,1,0.51,0.457083,0.240063,878,3717,4595,Weekday,Mild,8.432941638968646,day
120,2011-04-30,Summer,0,4,0,6,0,1,0.4725,0.503333,0.235075,1965,3347,5312,Weekend,Mild,8.577911926450943,day
121,2011-05-01,Summer,0,5,0,0,0,2,0.451667,0.762083,0.106354,1138,2213,3351,Weekend,Mild,8.117312461601975,day
122,2011-05-02,Summer,0,5,0,1,1,2,0.549167,0.73,0.183454,847,3554,4401,Weekday,Mild,8.389814262086407,day
123,2011-05-03,Summer,0,5,0,2,1,2,0.616667,0.697083,0.342667,603,3848,4451,Weekday,Warm,8.401108712395436,day
124,2011-05-04,Summer,0,5,0,3,1,2,0.414167,0.737083,0.328996,255,2378,2633,Weekday,Mild,7.876258882303226,day
125,2011-05-05,Summer,0,5,0,4,1,1,0.459167,0.444167,0.295392,614,3819,4433,Weekday,Mild,8.397057390176256,day
126,2011-05-06,Summer,0,5,0,5,1,1,0.479167,0.59,0.228246,894,3714,4608,Weekday,Mild,8.435766192720509,day
127,2011-05-07,Summer,0,5,0,6,0,1,0.52,0.54125,0.16045,1612,3102,4714,Weekend,Mild,8.458504195067558,day
128,2011-05-08,Summer,0,5,0,0,0,1,0.528333,0.631667,0.0746375,1401,2932,4333,Weekend,Mild,8.374246182096304,day
129,2011-05-09,Summer,0,5,0,1,1,1,0.5325,0.58875,0.176,664,3698,4362,Weekday,Mild,8.38091517312361,day
130,2011-05-10,Summer,0,5,0,2,1,1,0.5325,0.489167,0.115671,694,4109,4803,Weekday,Mild,8.477204183199873,day
131,2011-05-11,Summer,0,5,0,3,1,1,0.5425,0.632917,0.120642,550,3632,4182,Weekday,Mild,8.338783971442199,day
132,2011-05-12,Summer,0,5,0,4,1,1,0.535,0.7475,0.189667,695,4169,4864,Weekday,Mild,8.489821994620105,day
133,2011-05-13,Summer,0,5,0,5,1,2,0.5125,0.863333,0.179725,692,3413,4105,Weekday,Mild,8.32020459757888,day
134,2011-05-14,Summer,0,5,0,6,0,2,0.520833,0.9225,0.13495,902,2507,3409,Weekend,Mild,8.134467570277563,day
135,2011-05-15,Summer,0,5,0,0,0,2,0.5625,0.867083,0.152979,1582,2971,4553,Weekend,Mild,8.423761246623686,day
136,2011-05-16,Summer,0,5,0,1,1,1,0.5775,0.787917,0.126871,773,3185,3958,Weekday,Mild,8.28374674710613,day
137,2011-05-17,Summer,0,5,0,2,1,2,0.561667,0.837917,0.277354,678,3445,4123,Weekday,Mild,8.32457884513685,day
138,2011-05-18,Summer,0,5,0,3,1,2,0.55,0.87,0.201492,536,3319,3855,Weekday,Mild,8.257385655730436,day
139,2011-05-19,Summer,0,5,0,4,1,2,0.530833,0.829583,0.108213,735,3840,4575,Weekday,Mild,8.428580533059634,day
140,2011-05-20,Summer,0,5,0,5,1,1,0.536667,0.719583,0.125013,909,4008,4917,Weekday,Mild,8.500657222776137,day
141,2011-05-21,Summer,0,5,0,6,0,1,0.6025,0.626667,0.12065,2258,3547,5805,Weekend,Warm,8.666647144584575,day
142,2011-05-22,Summer,0,5,0,0,0,1,0.604167,0.749583,0.148008,1576,3084,4660,Weekend,Warm,8.446985296372741,day
143,2011-05-23,Summer,0,5,0,1,1,2,0.631667,0.81,0.233842,836,3438,4274,Weekday,Warm,8.360539381370861,day
144,2011-05-24,Summer,0,5,0,2,1,2,0.66,0.740833,0.207092,659,3833,4492,Weekday,Warm,8.41027590907016,day
145,2011-05-25,Summer,0,5,0,3,1,1,0.660833,0.69625,0.154233,740,4238,4978,Weekday,Warm,8.512984346642183,day
146,2011-05-26,Summer,0,5,0,4,1,1,0.708333,0.6775,0.199642,758,3919,4677,Weekday,Warm,8.450625947144124,day
147,2011-05-27,Summer,0,5,0,5,1,1,0.681667,0.65375,0.240679,871,3808,4679,Weekday,Warm,8.451053388911692,day
148,2011-05-28,Summer,0,5,0,6,0,1,0.655833,0.729583,0.230092,2001,2757,4758,Weekend,Warm,8.46779284112111,day
149,2011-05-29,Summer,0,5,0,0,0,1,0.6675,0.81875,0.213938,2355,2433,4788,Weekend,Warm,8.47407690034261,day
150,2011-05-30,Summer,0,5,1,1,0,1,0.733333,0.685,0.131225,1549,2549,4098,Weekday,Warm,8.318498320504338,day
151,2011-05-31,Summer,0,5,0,2,1,1,0.775,0.636667,0.111329,673,3309,3982,Weekday,Warm,8.289790583181643,day
152,2011-06-01,Summer,0,6,0,3,1,2,0.764167,0.677083,0.207092,513,3461,3974,Weekday,Warm,8.287780027088433,day
153,2011-06-02,Summer,0,6,0,4,1,1,0.715,0.305,0.292287,736,4232,4968,Weekday,Warm,8.51097389160232,day
154,2011-06-03,Summer,0,6,0,5,1,1,0.62,0.354167,0.253121,898,4414,5312,Weekday,Warm,8.577911926450943,day
155,2011-06-04,Summer,0,6,0,6,0,1,0.635,0.45625,0.123142,1869,3473,5342,Weekend,Warm,8.583542571957771,day
156,2011-06-05,Summer,0,6,0,0,0,2,0.648333,0.6525,0.138692,1685,3221,4906,Weekend,Warm,8.498418036089904,day
157,2011-06-06,Summer,0,6,0,1,1,1,0.678333,0.6,0.121896,673,3875,4548,Weekday,Warm,8.422662707570003,day
158,2011-06-07,Summer,0,6,0,2,1,1,0.7075,0.597917,0.187808,763,4070,4833,Weekday,Warm,8.483429561263428,day
159,2011-06-08,Summer,0,6,0,3,1,1,0.775833,0.622083,0.136817,676,3725,4401,Weekday,Warm,8.389814262086407,day
160,2011-06-09,Summer,0,6,0,4,1,2,0.808333,0.568333,0.149883,563,3352,3915,Weekday,Warm,8.272826003650401,day
161,2011-06-10,Summer,0,6,0,5,1,1,0.755,0.605,0.140554,815,3771,4586,Weekday,Warm,8.430981494597171,day
162,2011-06-11,Summer,0,6,0,6,0,1,0.725,0.654583,0.15485,1729,3237,4966,Weekend,Warm,8.51057131510735,day
163,2011-06-12,Summer,0,6,0,0,0,1,0.6925,0.747917,0.163567,1467,2993,4460,Weekend,Warm,8.403128235128264,day
164,2011-06-13,Summer,0,6,0,1,1,1,0.635,0.494583,0.30535,863,4157,5020,Weekday,Warm,8.521384396034705,day
165,2011-06-14,Summer,0,6,0,2,1,1,0.604167,0.507083,0.269283,727,4164,4891,Weekday,Warm,8.495356496807062,day
166,2011-06-15,Summer,0,6,0,3,1,1,0.626667,0.471667,0.167912,769,4411,5180,Weekday,Warm,8.552753366814787,day
167,2011-06-16,Summer,0,6,0,4,1,2,0.628333,0.688333,0.206471,545,3222,3767,Weekday,Warm,8.234299635696253,day
168,2011-06-17,Summer,0,6,0,5,1,1,0.649167,0.735833,0.143029,863,3981,4844,Weekday,Warm,8.485702524324866,day
169,2011-06-18,Summer,0,6,0,6,0,1,0.696667,0.670417,0.119408,1807,3312,5119,Weekend,Warm,8.540909718033554,day
170,2011-06-19,Summer,0,6,0,0,0,2,0.699167,0.666667,0.102,1639,3105,4744,Weekend,Warm,8.464846711044029,day
171,2011-06-20,Summer,0,6,0,1,1,2,0.635,0.74625,0.155475,699,3311,4010,Weekday,Warm,8.296795865770052,day
172,2011-06-21,Fall,0,6,0,2,1,2,0.680833,0.770417,0.171025,774,4061,4835,Weekday,Warm,8.483843211734683,day
173,2011-06-22,Fall,0,6,0,3,1,1,0.733333,0.7075,0.172262,661,3846,4507,Weekday,Warm,8.413608875159667,day
174,2011-06-23,Fall,0,6,0,4,1,2,0.728333,0.703333,0.238804,746,4044,4790,Weekday,Warm,8.474494436883122,day
175,2011-06-24,Fall,0,6,0,5,1,1,0.724167,0.573333,0.222025,969,4022,4991,Weekday,Warm,8.515591910049263,day
176,2011-06-25,Fall,0,6,0,6,0,1,0.695,0.483333,0.209571,1782,3420,5202,Weekend,Warm,8.556990661290303,day
177,2011-06-26,Fall,0,6,0,0,0,1,0.68,0.513333,0.0945333,1920,3385,5305,Weekend,Warm,8.576593534697684,day
178,2011-06-27,Fall,0,6,0,1,1,2,0.6825,0.658333,0.107588,854,3854,4708,Weekday,Warm,8.457230850243555,day
179,2011-06-28,Fall,0,6,0,2,1,1,0.744167,0.634167,0.144283,732,3916,4648,Weekday,Warm,8.444407421690585,day
180,2011-06-29,Fall,0,6,0,3,1,1,0.728333,0.497917,0.261821,848,4377,5225,Weekday,Warm,8.561401446080557,day
181,2011-06-30,Fall,0,6,0,4,1,1,0.696667,0.434167,0.185312,1027,4488,5515,Weekday,Warm,8.615408238913192,day
182,2011-07-01,Fall,0,7,0,5,1,1,0.7225,0.39625,0.102608,1246,4116,5362,Weekday,Warm,8.587278798982926,day
183,2011-07-02,Fall,0,7,0,6,0,1,0.738333,0.444583,0.115062,2204,2915,5119,Weekend,Warm,8.540909718033554,day
184,2011-07-03,Fall,0,7,0,0,0,2,0.716667,0.6825,0.228858,2282,2367,4649,Weekend,Warm,8.444622498581403,day
185,2011-07-04,Fall,0,7,1,1,0,2,0.726667,0.637917,0.0814792,3065,2978,6043,Weekday,Warm,8.70682132339263,day
186,2011-07-05,Fall,0,7,0,2,1,1,0.746667,0.590417,0.126258,1031,3634,4665,Weekday,Warm,8.448057452581375,day
187,2011-07-06,Fall,0,7,0,3,1,1,0.72,0.743333,0.149883,784,3845,4629,Weekday,Warm,8.440312147080279,day
188,2011-07-07,Fall,0,7,0,4,1,1,0.75,0.65125,0.1592,754,3838,4592,Weekday,Warm,8.432288684325794,day
189,2011-07-08,Fall,0,7,0,5,1,2,0.709167,0.757917,0.225129,692,3348,4040,Weekday,Warm,8.304247465078474,day
190,2011-07-09,Fall,0,7,0,6,0,1,0.733333,0.609167,0.167912,1988,3348,5336,Weekend,Warm,8.582418976333944,day
191,2011-07-10,Fall,0,7,0,0,0,1,0.7475,0.578333,0.183471,1743,3138,4881,Weekend,Warm,8.493310250952906,day
192,2011-07-11,Fall,0,7,0,1,1,1,0.7625,0.635833,0.282337,723,3363,4086,Weekday,Warm,8.315566483564277,day
193,2011-07-12,Fall,0,7,0,2,1,1,0.794167,0.559167,0.200254,662,3596,4258,Weekday,Warm,8.356789669923213,day
194,2011-07-13,Fall,0,7,0,3,1,1,0.746667,0.631667,0.146133,748,3594,4342,Weekday,Warm,8.376320632534823,day
195,2011-07-14,Fall,0,7,0,4,1,1,0.680833,0.47625,0.240667,888,4196,5084,Weekday,Warm,8.53405030848266,day
196,2011-07-15,Fall,0,7,0,5,1,1,0.663333,0.59125,0.182833,1318,4220,5538,Weekday,Warm,8.619569258033104,day
197,2011-07-16,Fall,0,7,0,6,0,1,0.686667,0.585,0.208342,2418,3505,5923,Weekend,Warm,8.68676717538769,day
198,2011-07-17,Fall,0,7,0,0,0,1,0.719167,0.604167,0.245033,2006,3296,5302,Weekend,Warm,8.57602797713713,day
199,2011-07-18,Fall,0,7,0,1,1,1,0.746667,0.65125,0.215804,841,3617,4458,Weekday,Warm,8.402679804627477,day
200,2011-07-19,Fall,0,7,0,2,1,1,0.776667,0.650417,0.1306,752,3789,4541,Weekday,Warm,8.421122722665503,day
201,2011-07-20,Fall,0,7,0,3,1,1,0.768333,0.707083,0.113817,644,3688,4332,Weekday,Warm,8.374015421739909,day
202,2011-07-21,Fall,0,7,0,4,1,2,0.815,0.69125,0.222021,632,3152,3784,Weekday,Warm,8.23880116587155,day
203,2011-07-22,Fall,0,7,0,5,1,1,0.848333,0.580417,0.1331,562,2825,3387,Weekday,Warm,8.127995055771946,day
204,2011-07-23,Fall,0,7,0,6,0,1,0.849167,0.5,0.131221,987,2298,3285,Weekend,Warm,8.097426298597213,day
205,2011-07-24,Fall,0,7,0,0,0,1,0.83,0.550833,0.169171,1050,2556,3606,Weekend,Warm,8.19063168090354,day
206,2011-07-25,Fall,0,7,0,1,1,1,0.743333,0.757083,0.0908083,568,3272,3840,Weekday,Warm,8.253488028345904,day
207,2011-07-26,Fall,0,7,0,2,1,1,0.771667,0.540833,0.200258,750,3840,4590,Weekday,Warm,8.431853144249223,day
208,2011-07-27,Fall,0,7,0,3,1,1,0.775,0.402917,0.183463,755,3901,4656,Weekday,Warm,8.446126742982377,day
209,2011-07-28,Fall,0,7,0,4,1,1,0.779167,0.583333,0.178479,606,3784,4390,Weekday,Warm,8.387312270561717,day
210,2011-07-29,Fall,0,7,0,5,1,1,0.838333,0.5425,0.174138,670,3176,3846,Weekday,Warm,8.255048902752295,day
211,2011-07-30,Fall,0,7,0,6,0,1,0.804167,0.465833,0.168537,1559,2916,4475,Weekend,Warm,8.406485069431817,day
212,2011-07-31,Fall,0,7,0,0,0,1,0.805833,0.480833,0.164813,1524,2778,4302,Weekend,Warm,8.3670677328386,day
213,2011-08-01,Fall,0,8,0,1,1,1,0.771667,0.550833,0.156717,729,3537,4266,Weekday,Warm,8.358666283188,day
214,2011-08-02,Fall,0,8,0,2,1,1,0.783333,0.49125,0.20585,801,4044,4845,Weekday,Warm,8.48590890137647,day
215,2011-08-03,Fall,0,8,0,3,1,2,0.731667,0.6575,0.135583,467,3107,3574,Weekday,Warm,8.181720455128108,day
216,2011-08-04,Fall,0,8,0,4,1,2,0.71,0.7575,0.19715,799,3777,4576,Weekday,Warm,8.428799040653642,day
217,2011-08-05,Fall,0,8,0,5,1,1,0.710833,0.630833,0.184696,1023,3843,4866,Weekday,Warm,8.490233009833455,day
218,2011-08-06,Fall,0,8,0,6,0,2,0.716667,0.755,0.22825,1521,2773,4294,Weekend,Warm,8.365206834418355,day
219,2011-08-07,Fall,0,8,0,0,0,1,0.7425,0.752917,0.201487,1298,2487,3785,Weekend,Warm,8.239065331769268,day
220,2011-08-08,Fall,0,8,0,1,1,1,0.765,0.592083,0.192175,846,3480,4326,Weekday,Warm,8.372629740224884,day
221,2011-08-09,Fall,0,8,0,2,1,1,0.775,0.570417,0.151121,907,3695,4602,Weekday,Warm,8.434463543817241,day
222,2011-08-10,Fall,0,8,0,3,1,1,0.766667,0.424167,0.200258,884,3896,4780,Weekday,Warm,8.472405008626103,day
223,2011-08-11,Fall,0,8,0,4,1,1,0.7175,0.42375,0.164796,812,3980,4792,Weekday,Warm,8.474911799159631,day
224,2011-08-12,Fall,0,8,0,5,1,1,0.708333,0.415,0.125621,1051,3854,4905,Weekday,Warm,8.498214224818435,day
225,2011-08-13,Fall,0,8,0,6,0,2,0.685833,0.729583,0.211454,1504,2646,4150,Weekend,Warm,8.33110454805304,day
226,2011-08-14,Fall,0,8,0,0,0,2,0.676667,0.8175,0.222633,1338,2482,3820,Weekend,Warm,8.2482674474469,day
227,2011-08-15,Fall,0,8,0,1,1,1,0.665833,0.712083,0.208954,775,3563,4338,Weekday,Warm,8.37539918579835,day
228,2011-08-16,Fall,0,8,0,2,1,1,0.700833,0.578333,0.236329,721,4004,4725,Weekday,Warm,8.460834457746854,day
229,2011-08-17,Fall,0,8,0,3,1,1,0.723333,0.575417,0.143667,668,4026,4694,Weekday,Warm,8.454253391642363,day
230,2011-08-18,Fall,0,8,0,4,1,1,0.711667,0.654583,0.233208,639,3166,3805,Weekday,Warm,8.244334047856094,day
231,2011-08-19,Fall,0,8,0,5,1,2,0.685,0.722917,0.139308,797,3356,4153,Weekday,Warm,8.331827004436057,day
232,2011-08-20,Fall,0,8,0,6,0,1,0.6975,0.674167,0.104467,1914,3277,5191,Weekend,Warm,8.554874258383926,day
233,2011-08-21,Fall,0,8,0,0,0,1,0.710833,0.77,0.248754,1249,2624,3873,Weekend,Warm,8.262042843966942,day
234,2011-08-22,Fall,0,8,0,1,1,1,0.691667,0.47,0.27675,833,3925,4758,Weekday,Warm,8.46779284112111,day
235,2011-08-23,Fall,0,8,0,2,1,1,0.640833,0.455417,0.146763,1281,4614,5895,Weekday,Warm,8.682029433869172,day
236,2011-08-24,Fall,0,8,0,3,1,1,0.673333,0.605,0.253108,949,4181,5130,Weekday,Warm,8.543055850941965,day
237,2011-08-25,Fall,0,8,0,4,1,2,0.684167,0.771667,0.210833,435,3107,3542,Weekday,Warm,8.172729104865471,day
238,2011-08-26,Fall,0,8,0,5,1,1,0.7,0.76125,0.0839625,768,3893,4661,Weekday,Warm,8.447199819595703,day
239,2011-08-27,Fall,0,8,0,6,0,2,0.68,0.85,0.375617,226,889,1115,Weekend,Warm,7.017506142941256,day
240,2011-08-28,Fall,0,8,0,0,0,1,0.707059,0.561765,0.304659,1415,2919,4334,Weekend,Warm,8.374476889214643,day
241,2011-08-29,Fall,0,8,0,1,1,1,0.636667,0.554583,0.159825,729,3905,4634,Weekday,Warm,8.441391477999955,day
242,2011-08-30,Fall,0,8,0,2,1,1,0.639167,0.548333,0.125008,775,4429,5204,Weekday,Warm,8.557374981049069,day
243,2011-08-31,Fall,0,8,0,3,1,1,0.656667,0.597917,0.0833333,688,4370,5058,Weekday,Warm,8.528924114291936,day
244,2011-09-01,Fall,0,9,0,4,1,1,0.655,0.639167,0.141796,783,4332,5115,Weekday,Warm,8.540128162698734,day
245,2011-09-02,Fall,0,9,0,5,1,2,0.643333,0.727083,0.139929,875,3852,4727,Weekday,Warm,8.461257559085935,day
246,2011-09-03,Fall,0,9,0,6,0,1,0.669167,0.716667,0.185325,1935,2549,4484,Weekend,Warm,8.408493774492896,day
247,2011-09-04,Fall,0,9,0,0,0,1,0.709167,0.742083,0.206467,2521,2419,4940,Weekend,Warm,8.50532301884575,day
248,2011-09-05,Fall,0,9,1,1,0,2,0.673333,0.790417,0.212696,1236,2115,3351,Weekday,Warm,8.117312461601975,day
249,2011-09-06,Fall,0,9,0,2,1,3,0.54,0.886957,0.343943,204,2506,2710,Weekday,Mild,7.905072849498666,day
250,2011-09-07,Fall,0,9,0,3,1,3,0.599167,0.917083,0.0970208,118,1878,1996,Weekday,Mild,7.599401333415815,day
251,2011-09-08,Fall,0,9,0,4,1,3,0.633913,0.939565,0.192748,153,1689,1842,Weekday,Warm,7.519149957669823,day
252,2011-09-09,Fall,0,9,0,5,1,2,0.65,0.897917,0.124379,417,3127,3544,Weekday,Warm,8.173293438966228,day
253,2011-09-10,Fall,0,9,0,6,0,1,0.66,0.75375,0.153608,1750,3595,5345,Weekend,Warm,8.584103896698863,day
254,2011-09-11,Fall,0,9,0,0,0,1,0.653333,0.71375,0.115054,1633,3413,5046,Weekend,Warm,8.526549286340263,day
255,2011-09-12,Fall,0,9,0,1,1,1,0.644348,0.692174,0.088913,690,4023,4713,Weekday,Warm,8.458292083496076,day
256,2011-09-13,Fall,0,9,0,2,1,1,0.650833,0.7125,0.141804,701,4062,4763,Weekday,Warm,8.46884293047519,day
257,2011-09-14,Fall,0,9,0,3,1,1,0.673333,0.697083,0.1673,647,4138,4785,Weekday,Warm,8.47345026846832,day
258,2011-09-15,Fall,0,9,0,4,1,2,0.5775,0.709167,0.271146,428,3231,3659,Weekday,Mild,8.205218426395412,day
259,2011-09-16,Fall,0,9,0,5,1,2,0.469167,0.590417,0.164183,742,4018,4760,Weekday,Mild,8.46821300919452,day
260,2011-09-17,Fall,0,9,0,6,0,2,0.491667,0.718333,0.189675,1434,3077,4511,Weekend,Mild,8.414495793177895,day
261,2011-09-18,Fall,0,9,0,0,0,1,0.5075,0.695,0.178483,1353,2921,4274,Weekend,Mild,8.360539381370861,day
262,2011-09-19,Fall,0,9,0,1,1,2,0.549167,0.69,0.151742,691,3848,4539,Weekday,Mild,8.420682291035394,day
263,2011-09-20,Fall,0,9,0,2,1,2,0.561667,0.88125,0.134954,438,3203,3641,Weekday,Mild,8.200288260287554,day
264,2011-09-21,Fall,0,9,0,3,1,2,0.595,0.9,0.0964042,539,3813,4352,Weekday,Mild,8.378620541552298,day
265,2011-09-22,Fall,0,9,0,4,1,2,0.628333,0.902083,0.128125,555,4240,4795,Weekday,Warm,8.475537516147405,day
266,2011-09-23,Winter,0,9,0,5,1,2,0.609167,0.9725,0.0783667,258,2137,2395,Weekday,Warm,7.78155595923534,day
267,2011-09-24,Winter,0,9,0,6,0,2,0.606667,0.8625,0.0783833,1776,3647,5423,Weekend,Warm,8.598588829620232,day
268,2011-09-25,Winter,0,9,0,0,0,2,0.634167,0.845,0.0503792,1544,3466,5010,Weekend,Warm,8.519390774959724,day
269,2011-09-26,Winter,0,9,0,1,1,2,0.649167,0.848333,0.1107,684,3946,4630,Weekday,Warm,8.440528106480752,day
270,2011-09-27,Winter,0,9,0,2,1,2,0.636667,0.885417,0.118171,477,3643,4120,Weekday,Warm,8.323851131338817,day
271,2011-09-28,Winter,0,9,0,3,1,2,0.635,0.84875,0.148629,480,3427,3907,Weekday,Warm,8.270781013162674,day
272,2011-09-29,Winter,0,9,0,4,1,1,0.616667,0.699167,0.172883,653,4186,4839,Weekday,Warm,8.484669999710677,day
273,2011-09-30,Winter,0,9,0,5,1,1,0.564167,0.6475,0.206475,830,4372,5202,Weekday,Mild,8.556990661290303,day
274,2011-10-01,Winter,0,10,0,6,0,2,0.41,0.75375,0.292296,480,1949,2429,Weekend,Mild,7.795646536334594,day
275,2011-10-02,Winter,0,10,0,0,0,2,0.356667,0.791667,0.222013,616,2302,2918,Weekend,Mild,7.978996370854115,day
276,2011-10-03,Winter,0,10,0,1,1,2,0.384167,0.760833,0.0833458,330,3240,3570,Weekday,Mild,8.18060094759445,day
277,2011-10-04,Winter,0,10,0,2,1,1,0.484167,0.71,0.205854,486,3970,4456,Weekday,Mild,8.402231172946555,day
278,2011-10-05,Winter,0,10,0,3,1,1,0.538333,0.647917,0.17725,559,4267,4826,Weekday,Mild,8.481980435660493,day
279,2011-10-06,Winter,0,10,0,4,1,1,0.494167,0.620833,0.134954,639,4126,4765,Weekday,Mild,8.469262657658687,day
280,2011-10-07,Winter,0,10,0,5,1,1,0.510833,0.684167,0.0223917,949,4036,4985,Weekday,Mild,8.514389264083503,day
281,2011-10-08,Winter,0,10,0,6,0,1,0.521667,0.70125,0.0454042,2235,3174,5409,Weekend,Mild,8.596004371840527,day
282,2011-10-09,Winter,0,10,0,0,0,1,0.540833,0.7275,0.06345,2397,3114,5511,Weekend,Mild,8.614682812693495,day
283,2011-10-10,Winter,0,10,1,1,0,1,0.570833,0.73375,0.0423042,1514,3603,5117,Weekday,Mild,8.540519016719735,day
284,2011-10-11,Winter,0,10,0,2,1,2,0.566667,0.80875,0.143042,667,3896,4563,Weekday,Mild,8.425954710981966,day
285,2011-10-12,Winter,0,10,0,3,1,3,0.543333,0.90625,0.24815,217,2199,2416,Weekday,Mild,7.790282380703483,day
286,2011-10-13,Winter,0,10,0,4,1,2,0.589167,0.896667,0.141787,290,2623,2913,Weekday,Mild,7.97728198675515,day
287,2011-10-14,Winter,0,10,0,5,1,2,0.550833,0.71625,0.223883,529,3115,3644,Weekday,Mild,8.201111644442758,day
288,2011-10-15,Winter,0,10,0,6,0,1,0.506667,0.483333,0.258083,1899,3318,5217,Weekend,Mild,8.559869465696673,day
289,2011-10-16,Winter,0,10,0,0,0,1,0.511667,0.486667,0.281717,1748,3293,5041,Weekend,Mild,8.525558107747866,day
290,2011-10-17,Winter,0,10,0,1,1,1,0.534167,0.579583,0.175379,713,3857,4570,Weekday,Mild,8.427487278331744,day
291,2011-10-18,Winter,0,10,0,2,1,2,0.5325,0.701667,0.110087,637,4111,4748,Weekday,Mild,8.465689348549121,day
292,2011-10-19,Winter,0,10,0,3,1,3,0.541739,0.895217,0.243339,254,2170,2424,Weekday,Mild,7.793586803371584,day
293,2011-10-20,Winter,0,10,0,4,1,1,0.475833,0.63625,0.422275,471,3724,4195,Weekday,Mild,8.341886969516187,day
294,2011-10-21,Winter,0,10,0,5,1,1,0.4275,0.574167,0.221396,676,3628,4304,Weekday,Mild,8.367532416861831,day
295,2011-10-22,Winter,0,10,0,6,0,1,0.4225,0.629167,0.0926667,1499,2809,4308,Weekend,Mild,8.368461137615839,day
296,2011-10-23,Winter,0,10,0,0,0,1,0.421667,0.74125,0.0995125,1619,2762,4381,Weekend,Mild,8.385260520155413,day
297,2011-10-24,Winter,0,10,0,1,1,1,0.463333,0.772083,0.118792,699,3488,4187,Weekday,Mild,8.339978571990427,day
298,2011-10-25,Winter,0,10,0,2,1,1,0.471667,0.622917,0.166658,695,3992,4687,Weekday,Mild,8.452761331256848,day
299,2011-10-26,Winter,0,10,0,3,1,2,0.484167,0.720417,0.148642,404,3490,3894,Weekday,Mild,8.267448958304849,day
300,2011-10-27,Winter,0,10,0,4,1,2,0.47,0.812917,0.197763,240,2419,2659,Weekday,Mild,7.886081401775745,day
301,2011-10-28,Winter,0,10,0,5,1,2,0.330833,0.585833,0.229479,456,3291,3747,Weekday,Mild,8.228977643358313,day
302,2011-10-29,Winter,0,10,0,6,0,3,0.254167,0.8825,0.351371,57,570,627,Weekend,Cold,6.442540166468199,day
303,2011-10-30,Winter,0,10,0,0,0,1,0.319167,0.62375,0.176617,885,2446,3331,Weekend,Mild,8.111328003286733,day
304,2011-10-31,Winter,0,10,0,1,1,1,0.34,0.703333,0.10635,362,3307,3669,Weekday,Mild,8.207946941048617,day
305,2011-11-01,Winter,0,11,0,2,1,1,0.400833,0.68375,0.135571,410,3658,4068,Weekday,Mild,8.31115254800169,day
306,2011-11-02,Winter,0,11,0,3,1,1,0.3775,0.71875,0.0820917,370,3816,4186,Weekday,Mild,8.339739766019143,day
307,2011-11-03,Winter,0,11,0,4,1,1,0.408333,0.702083,0.136817,318,3656,3974,Weekday,Mild,8.287780027088433,day
308,2011-11-04,Winter,0,11,0,5,1,2,0.403333,0.6225,0.271779,470,3576,4046,Weekday,Mild,8.305731144875866,day
309,2011-11-05,Winter,0,11,0,6,0,1,0.326667,0.519167,0.189062,1156,2770,3926,Weekend,Mild,8.27563105457801,day
310,2011-11-06,Winter,0,11,0,0,0,1,0.348333,0.734583,0.0920542,952,2697,3649,Weekend,Mild,8.202482446576537,day
311,2011-11-07,Winter,0,11,0,1,1,1,0.395,0.75875,0.057225,373,3662,4035,Weekday,Mild,8.3030093814735,day
312,2011-11-08,Winter,0,11,0,2,1,1,0.408333,0.721667,0.0690375,376,3829,4205,Weekday,Mild,8.344267356262645,day
313,2011-11-09,Winter,0,11,0,3,1,1,0.4,0.758333,0.0621958,305,3804,4109,Weekday,Mild,8.32117830749028,day
314,2011-11-10,Winter,0,11,0,4,1,2,0.38,0.813333,0.189067,190,2743,2933,Weekday,Mild,7.984121958702927,day
315,2011-11-11,Winter,0,11,1,5,0,1,0.324167,0.44625,0.314675,440,2928,3368,Weekday,Mild,8.122371243406553,day
316,2011-11-12,Winter,0,11,0,6,0,1,0.356667,0.552917,0.212062,1275,2792,4067,Weekend,Mild,8.31090675716845,day
317,2011-11-13,Winter,0,11,0,0,0,1,0.440833,0.458333,0.281721,1004,2713,3717,Weekend,Mild,8.220941168281389,day
318,2011-11-14,Winter,0,11,0,1,1,1,0.53,0.587083,0.306596,595,3891,4486,Weekday,Mild,8.408939605975984,day
319,2011-11-15,Winter,0,11,0,2,1,2,0.53,0.68875,0.199633,449,3746,4195,Weekday,Mild,8.341886969516187,day
320,2011-11-16,Winter,0,11,0,3,1,3,0.456667,0.93,0.136829,145,1672,1817,Weekday,Mild,7.505492274737424,day
321,2011-11-17,Winter,0,11,0,4,1,2,0.341667,0.575833,0.305362,139,2914,3053,Weekday,Mild,8.024207485778577,day
322,2011-11-18,Winter,0,11,0,5,1,1,0.274167,0.41,0.168533,245,3147,3392,Weekday,Cold,8.129469764784231,day
323,2011-11-19,Winter,0,11,0,6,0,1,0.329167,0.502083,0.224496,943,2720,3663,Weekend,Mild,8.20631072579402,day
324,2011-11-20,Winter,0,11,0,0,0,2,0.463333,0.684583,0.18595,787,2733,3520,Weekend,Mild,8.166500319155052,day
325,2011-11-21,Winter,0,11,0,1,1,3,0.4475,0.91,0.138054,220,2545,2765,Weekday,Mild,7.925157512224704,day
326,2011-11-22,Winter,0,11,0,2,1,3,0.416667,0.9625,0.118792,69,1538,1607,Weekday,Mild,7.382746449738912,day
327,2011-11-23,Winter,0,11,0,3,1,2,0.440833,0.757917,0.335825,112,2454,2566,Weekday,Mild,7.85049318087114,day
328,2011-11-24,Winter,0,11,1,4,0,1,0.373333,0.549167,0.167304,560,935,1495,Weekday,Mild,7.310550158534422,day
329,2011-11-25,Winter,0,11,0,5,1,1,0.375,0.64375,0.0988958,1095,1697,2792,Weekday,Mild,7.934871565945176,day
330,2011-11-26,Winter,0,11,0,6,0,1,0.375833,0.681667,0.0684208,1249,1819,3068,Weekend,Mild,8.029107054619736,day
331,2011-11-27,Winter,0,11,0,0,0,1,0.459167,0.698333,0.208954,810,2261,3071,Weekend,Mild,8.030084094267563,day
332,2011-11-28,Winter,0,11,0,1,1,1,0.503478,0.743043,0.142122,253,3614,3867,Weekday,Mild,8.260492856573185,day
333,2011-11-29,Winter,0,11,0,2,1,2,0.458333,0.830833,0.258092,96,2818,2914,Weekday,Mild,7.977625098784593,day
334,2011-11-30,Winter,0,11,0,3,1,1,0.325,0.613333,0.271158,188,3425,3613,Weekday,Mild,8.192570471152173,day
335,2011-12-01,Winter,0,12,0,4,1,1,0.3125,0.524583,0.220158,182,3545,3727,Weekday,Mild,8.223627175805483,day
336,2011-12-02,Winter,0,12,0,5,1,1,0.314167,0.625833,0.100754,268,3672,3940,Weekday,Mild,8.279189777195004,day
337,2011-12-03,Winter,0,12,0,6,0,1,0.299167,0.612917,0.0957833,706,2908,3614,Weekend,Cold,8.192847134592865,day
338,2011-12-04,Winter,0,12,0,0,0,1,0.330833,0.775833,0.0839583,634,2851,3485,Weekend,Mild,8.156510226079966,day
339,2011-12-05,Winter,0,12,0,1,1,2,0.385833,0.827083,0.0622083,233,3578,3811,Weekday,Mild,8.245909264774093,day
340,2011-12-06,Winter,0,12,0,2,1,3,0.4625,0.949583,0.232583,126,2468,2594,Weekday,Mild,7.861341795599989,day
341,2011-12-07,Winter,0,12,0,3,1,3,0.41,0.970417,0.266175,50,655,705,Weekday,Mild,6.559615237493242,day
342,2011-12-08,Winter,0,12,0,4,1,1,0.265833,0.58,0.240058,150,3172,3322,Weekday,Cold,8.108623268354595,day
343,2011-12-09,Winter,0,12,0,5,1,1,0.290833,0.695833,0.0827167,261,3359,3620,Weekday,Cold,8.19450550976564,day
344,2011-12-10,Winter,0,12,0,6,0,1,0.275,0.5075,0.233221,502,2688,3190,Weekend,Cold,8.068089626278244,day
345,2011-12-11,Winter,0,12,0,0,0,1,0.220833,0.49,0.0665417,377,2366,2743,Weekend,Cold,7.917171988845776,day
346,2011-12-12,Winter,0,12,0,1,1,1,0.238333,0.670833,0.06345,143,3167,3310,Weekday,Cold,8.105005537547246,day
347,2011-12-13,Winter,0,12,0,2,1,1,0.2825,0.59,0.14055,155,3368,3523,Weekday,Cold,8.16735198705607,day
348,2011-12-14,Winter,0,12,0,3,1,2,0.3175,0.66375,0.0609583,178,3562,3740,Weekday,Mild,8.227108234348146,day
349,2011-12-15,Winter,0,12,0,4,1,2,0.4225,0.634167,0.268042,181,3528,3709,Weekday,Mild,8.21878715560148,day
350,2011-12-16,Winter,0,12,0,5,1,2,0.375,0.500417,0.260575,178,3399,3577,Weekday,Mild,8.182559264068665,day
351,2011-12-17,Winter,0,12,0,6,0,2,0.258333,0.560833,0.243167,275,2464,2739,Weekend,Cold,7.915713199382116,day
352,2011-12-18,Winter,0,12,0,0,0,1,0.238333,0.58625,0.169779,220,2211,2431,Weekend,Cold,7.796469243086058,day
353,2011-12-19,Winter,0,12,0,1,1,1,0.276667,0.6375,0.172896,260,3143,3403,Weekday,Cold,8.132706489693264,day
354,2011-12-20,Winter,0,12,0,2,1,2,0.385833,0.595417,0.0615708,216,3534,3750,Weekday,Mild,8.229777750081887,day
355,2011-12-21,Spring,0,12,0,3,1,2,0.428333,0.858333,0.2214,107,2553,2660,Weekday,Mild,7.886457270977689,day
356,2011-12-22,Spring,0,12,0,4,1,2,0.423333,0.7575,0.047275,227,2841,3068,Weekday,Mild,8.029107054619736,day
357,2011-12-23,Spring,0,12,0,5,1,1,0.373333,0.68625,0.274246,163,2046,2209,Weekday,Mild,7.700747794511798,day
358,2011-12-24,Spring,0,12,0,6,0,1,0.3025,0.5425,0.190304,155,856,1011,Weekend,Mild,6.919683849847411,day
359,2011-12-25,Spring,0,12,0,0,0,1,0.274783,0.681304,0.155091,303,451,754,Weekend,Cold,6.626717749249025,day
360,2011-12-26,Spring,0,12,1,1,0,1,0.321739,0.506957,0.239465,430,887,1317,Weekday,Mild,7.183870715062453,day
361,2011-12-27,Spring,0,12,0,2,1,2,0.325,0.7625,0.18845,103,1059,1162,Weekday,Mild,7.0587581525186645,day
362,2011-12-28,Spring,0,12,0,3,1,1,0.29913,0.503913,0.293961,255,2047,2302,Weekday,Cold,7.741967899820685,day
363,2011-12-29,Spring,0,12,0,4,1,1,0.248333,0.574167,0.119412,254,2169,2423,Weekday,Cold,7.793174347189205,day
364,2011-12-30,Spring,0,12,0,5,1,1,0.311667,0.636667,0.134337,491,2508,2999,Weekday,Mild,8.006367567650246,day
365,2011-12-31,Spring,0,12,0,6,0,1,0.41,0.615833,0.220154,665,1820,2485,Weekend,Mild,7.818430272070656,day
366,2012-01-01,Spring,1,1,0,0,0,1,0.37,0.6925,0.192167,686,1608,2294,Weekend,Mild,7.738488122494646,day
367,2012-01-02,Spring,1,1,1,1,0,1,0.273043,0.381304,0.329665,244,1707,1951,Weekday,Cold,7.576609766973037,day
368,2012-01-03,Spring,1,1,0,2,1,1,0.15,0.44125,0.365671,89,2147,2236,Weekday,Cold,7.71289096149013,day
369,2012-01-04,Spring,1,1,0,3,1,2,0.1075,0.414583,0.1847,95,2273,2368,Weekday,Cold,7.7702232041587855,day
370,2012-01-05,Spring,1,1,0,4,1,1,0.265833,0.524167,0.129987,140,3132,3272,Weekday,Cold,8.09346227450118,day
371,2012-01-06,Spring,1,1,0,5,1,1,0.334167,0.542083,0.167908,307,3791,4098,Weekday,Mild,8.318498320504338,day
372,2012-01-07,Spring,1,1,0,6,0,1,0.393333,0.531667,0.174758,1070,3451,4521,Weekend,Mild,8.416709652837914,day
373,2012-01-08,Spring,1,1,0,0,0,1,0.3375,0.465,0.191542,599,2826,3425,Weekend,Mild,8.139148678884066,day
374,2012-01-09,Spring,1,1,0,1,1,2,0.224167,0.701667,0.0989,106,2270,2376,Weekday,Cold,7.773594467360194,day
375,2012-01-10,Spring,1,1,0,2,1,1,0.308696,0.646522,0.187552,173,3425,3598,Weekday,Mild,8.188411308079031,day
376,2012-01-11,Spring,1,1,0,3,1,2,0.274167,0.8475,0.131221,92,2085,2177,Weekday,Cold,7.686162303492906,day
377,2012-01-12,Spring,1,1,0,4,1,2,0.3825,0.802917,0.180967,269,3828,4097,Weekday,Mild,8.318254328798846,day
378,2012-01-13,Spring,1,1,0,5,1,1,0.274167,0.5075,0.378108,174,3040,3214,Weekday,Cold,8.07558263667172,day
379,2012-01-14,Spring,1,1,0,6,0,1,0.18,0.4575,0.187183,333,2160,2493,Weekend,Cold,7.821643126239982,day
380,2012-01-15,Spring,1,1,0,0,0,1,0.166667,0.419167,0.251258,284,2027,2311,Weekend,Cold,7.7458682297922685,day
381,2012-01-16,Spring,1,1,1,1,0,1,0.19,0.5225,0.231358,217,2081,2298,Weekday,Cold,7.740229524763182,day
382,2012-01-17,Spring,1,1,0,2,1,2,0.373043,0.716087,0.34913,127,2808,2935,Weekday,Mild,7.984803389734406,day
383,2012-01-18,Spring,1,1,0,3,1,1,0.303333,0.443333,0.415429,109,3267,3376,Weekday,Mild,8.124743020385568,day
384,2012-01-19,Spring,1,1,0,4,1,1,0.19,0.4975,0.220158,130,3162,3292,Weekday,Cold,8.099554282376364,day
385,2012-01-20,Spring,1,1,0,5,1,2,0.2175,0.45,0.20275,115,3048,3163,Weekday,Cold,8.059592328887545,day
386,2012-01-21,Spring,1,1,0,6,0,2,0.173333,0.83125,0.222642,67,1234,1301,Weekend,Cold,7.171656822768514,day
387,2012-01-22,Spring,1,1,0,0,0,2,0.1625,0.79625,0.199638,196,1781,1977,Weekend,Cold,7.589841512182657,day
388,2012-01-23,Spring,1,1,0,1,1,2,0.218333,0.91125,0.110708,145,2287,2432,Weekday,Cold,7.796880342783522,day
389,2012-01-24,Spring,1,1,0,2,1,1,0.3425,0.835833,0.123767,439,3900,4339,Weekday,Mild,8.375629627094451,day
390,2012-01-25,Spring,1,1,0,3,1,1,0.294167,0.64375,0.161071,467,3803,4270,Weekday,Cold,8.359603270841466,day
391,2012-01-26,Spring,1,1,0,4,1,2,0.341667,0.769583,0.0733958,244,3831,4075,Weekday,Mild,8.312871394342615,day
392,2012-01-27,Spring,1,1,0,5,1,2,0.425,0.74125,0.342667,269,3187,3456,Weekday,Mild,8.148156439921625,day
393,2012-01-28,Spring,1,1,0,6,0,1,0.315833,0.543333,0.210829,775,3248,4023,Weekend,Mild,8.300031711779575,day
394,2012-01-29,Spring,1,1,0,0,0,1,0.2825,0.31125,0.24005,558,2685,3243,Weekend,Cold,8.084562415235304,day
395,2012-01-30,Spring,1,1,0,1,1,1,0.269167,0.400833,0.215792,126,3498,3624,Weekday,Cold,8.195609567288775,day
396,2012-01-31,Spring,1,1,0,2,1,1,0.39,0.416667,0.261817,324,4185,4509,Weekday,Mild,8.414052432496725,day
397,2012-02-01,Spring,1,2,0,3,1,1,0.469167,0.507917,0.189067,304,4275,4579,Weekday,Mild,8.429454277108231,day
398,2012-02-02,Spring,1,2,0,4,1,2,0.399167,0.672917,0.187187,190,3571,3761,Weekday,Mild,8.232706009860976,day
399,2012-02-03,Spring,1,2,0,5,1,1,0.313333,0.526667,0.178496,310,3841,4151,Weekday,Mild,8.331345424845724,day
400,2012-02-04,Spring,1,2,0,6,0,2,0.264167,0.779583,0.121896,384,2448,2832,Weekend,Cold,7.949091499830517,day
401,2012-02-05,Spring,1,2,0,0,0,2,0.265833,0.687917,0.175996,318,2629,2947,Weekend,Cold,7.988882253309227,day
402,2012-02-06,Spring,1,2,0,1,1,1,0.282609,0.622174,0.1538,206,3578,3784,Weekday,Cold,8.23880116587155,day
403,2012-02-07,Spring,1,2,0,2,1,1,0.354167,0.49625,0.147379,199,4176,4375,Weekday,Mild,8.383890344101816,day
404,2012-02-08,Spring,1,2,0,3,1,2,0.256667,0.722917,0.133721,109,2693,2802,Weekday,Cold,7.938445551164788,day
405,2012-02-09,Spring,1,2,0,4,1,1,0.265,0.562083,0.194037,163,3667,3830,Weekday,Cold,8.25088114470065,day
406,2012-02-10,Spring,1,2,0,5,1,2,0.280833,0.54,0.116929,227,3604,3831,Weekday,Cold,8.251142139090751,day
407,2012-02-11,Spring,1,2,0,6,0,3,0.224167,0.73125,0.289796,192,1977,2169,Weekend,Cold,7.682482446534506,day
408,2012-02-12,Spring,1,2,0,0,0,1,0.1275,0.464583,0.409212,73,1456,1529,Weekend,Cold,7.333023014386481,day
409,2012-02-13,Spring,1,2,0,1,1,1,0.2225,0.41125,0.167283,94,3328,3422,Weekday,Cold,8.138272638530186,day
410,2012-02-14,Spring,1,2,0,2,1,2,0.319167,0.50875,0.141179,135,3787,3922,Weekday,Mild,8.274611946209552,day
411,2012-02-15,Spring,1,2,0,3,1,1,0.348333,0.53125,0.1816,141,4028,4169,Weekday,Mild,8.335671314792847,day
412,2012-02-16,Spring,1,2,0,4,1,2,0.316667,0.752917,0.091425,74,2931,3005,Weekday,Mild,8.00836557031292,day
413,2012-02-17,Spring,1,2,0,5,1,1,0.343333,0.634583,0.205846,349,3805,4154,Weekday,Mild,8.332067707289548,day
414,2012-02-18,Spring,1,2,0,6,0,1,0.346667,0.534583,0.190929,1435,2883,4318,Weekend,Mild,8.3707791729607,day
415,2012-02-19,Spring,1,2,0,0,0,2,0.28,0.515833,0.253112,618,2071,2689,Weekend,Cold,7.897296472595885,day
416,2012-02-20,Spring,1,2,1,1,0,1,0.28,0.507826,0.229083,502,2627,3129,Weekday,Cold,8.048788283534199,day
417,2012-02-21,Spring,1,2,0,2,1,1,0.287826,0.594348,0.205717,163,3614,3777,Weekday,Cold,8.236950048061455,day
418,2012-02-22,Spring,1,2,0,3,1,1,0.395833,0.567917,0.234471,394,4379,4773,Weekday,Mild,8.470939806898775,day
419,2012-02-23,Spring,1,2,0,4,1,1,0.454167,0.554583,0.190913,516,4546,5062,Weekday,Mild,8.529714471969909,day
420,2012-02-24,Spring,1,2,0,5,1,2,0.4075,0.7375,0.237567,246,3241,3487,Weekday,Mild,8.15708378502887,day
421,2012-02-25,Spring,1,2,0,6,0,1,0.290833,0.395833,0.421642,317,2415,2732,Weekend,Cold,7.913155185928068,day
422,2012-02-26,Spring,1,2,0,0,0,1,0.279167,0.41,0.205229,515,2874,3389,Weekend,Cold,8.128585200374497,day
423,2012-02-27,Spring,1,2,0,1,1,1,0.366667,0.490833,0.268033,253,4069,4322,Weekday,Mild,8.371704884667631,day
424,2012-02-28,Spring,1,2,0,2,1,1,0.359167,0.395833,0.193417,229,4134,4363,Weekday,Mild,8.381144346952961,day
425,2012-02-29,Spring,1,2,0,3,1,2,0.344348,0.804783,0.179117,65,1769,1834,Weekday,Mild,7.51479976048867,day
426,2012-03-01,Spring,1,3,0,4,1,1,0.485833,0.615417,0.226987,325,4665,4990,Weekday,Mild,8.515391569469609,day
427,2012-03-02,Spring,1,3,0,5,1,2,0.353333,0.657083,0.144904,246,2948,3194,Weekday,Mild,8.069342366811636,day
428,2012-03-03,Spring,1,3,0,6,0,2,0.414167,0.62125,0.161079,956,3110,4066,Weekend,Mild,8.310660905907225,day
429,2012-03-04,Spring,1,3,0,0,0,1,0.325833,0.403333,0.334571,710,2713,3423,Weekend,Mild,8.138564737261632,day
430,2012-03-05,Spring,1,3,0,1,1,1,0.243333,0.50625,0.228858,203,3130,3333,Weekday,Cold,8.111928063310739,day
431,2012-03-06,Spring,1,3,0,2,1,1,0.258333,0.456667,0.200875,221,3735,3956,Weekday,Cold,8.283241441385425,day
432,2012-03-07,Spring,1,3,0,3,1,1,0.404167,0.513333,0.345779,432,4484,4916,Weekday,Mild,8.50045386741194,day
433,2012-03-08,Spring,1,3,0,4,1,1,0.5275,0.5675,0.441563,486,4896,5382,Weekday,Mild,8.591001118560957,day
434,2012-03-09,Spring,1,3,0,5,1,2,0.410833,0.407083,0.4148,447,4122,4569,Weekday,Mild,8.42726848388825,day
435,2012-03-10,Spring,1,3,0,6,0,1,0.2875,0.350417,0.22575,968,3150,4118,Weekend,Cold,8.323365694436081,day
436,2012-03-11,Spring,1,3,0,0,0,1,0.361739,0.476957,0.222587,1658,3253,4911,Weekend,Mild,8.499436469826978,day
437,2012-03-12,Spring,1,3,0,1,1,1,0.466667,0.489167,0.207713,838,4460,5298,Weekday,Mild,8.575273402492762,day
438,2012-03-13,Spring,1,3,0,2,1,1,0.565,0.6175,0.23695,762,5085,5847,Weekday,Mild,8.673855001429615,day
439,2012-03-14,Spring,1,3,0,3,1,1,0.5725,0.507083,0.115062,997,5315,6312,Weekday,Mild,8.750366278367625,day
440,2012-03-15,Spring,1,3,0,4,1,1,0.5575,0.579583,0.149883,1005,5187,6192,Weekday,Mild,8.731174900938061,day
441,2012-03-16,Spring,1,3,0,5,1,2,0.435833,0.842083,0.113192,548,3830,4378,Weekday,Mild,8.384575666801398,day
442,2012-03-17,Spring,1,3,0,6,0,2,0.514167,0.755833,0.110704,3155,4681,7836,Weekend,Mild,8.966611387052865,day
443,2012-03-18,Spring,1,3,0,0,0,2,0.4725,0.81,0.126883,2207,3685,5892,Weekend,Mild,8.681520484837913,day
444,2012-03-19,Spring,1,3,0,1,1,1,0.545,0.72875,0.162317,982,5171,6153,Weekday,Mild,8.724857555881988,day
445,2012-03-20,Spring,1,3,0,2,1,1,0.560833,0.807917,0.121271,1051,5042,6093,Weekday,Mild,8.715059959545654,day
446,2012-03-21,Summer,1,3,0,3,1,2,0.531667,0.82125,0.0895583,1122,5108,6230,Weekday,Mild,8.737292112544221,day
447,2012-03-22,Summer,1,3,0,4,1,1,0.554167,0.83125,0.117562,1334,5537,6871,Weekday,Mild,8.835210463664092,day
448,2012-03-23,Summer,1,3,0,5,1,2,0.601667,0.694167,0.1163,2469,5893,8362,Weekday,Warm,9.031572493381526,day
449,2012-03-24,Summer,1,3,0,6,0,2,0.5025,0.885417,0.192783,1033,2339,3372,Weekend,Mild,8.12355783506165,day
450,2012-03-25,Summer,1,3,0,0,0,2,0.4375,0.880833,0.220775,1532,3464,4996,Weekend,Mild,8.516593011344206,day
451,2012-03-26,Summer,1,3,0,1,1,1,0.445833,0.477917,0.386821,795,4763,5558,Weekday,Mild,8.62317351495347,day
452,2012-03-27,Summer,1,3,0,2,1,1,0.323333,0.29,0.187192,531,4571,5102,Weekday,Mild,8.537583881063972,day
453,2012-03-28,Summer,1,3,0,3,1,1,0.484167,0.48125,0.291671,674,5024,5698,Weekday,Mild,8.648045999835,day
454,2012-03-29,Summer,1,3,0,4,1,1,0.494167,0.439167,0.31965,834,5299,6133,Weekday,Mild,8.721602344674197,day
455,2012-03-30,Summer,1,3,0,5,1,2,0.37,0.580833,0.138067,796,4663,5459,Weekday,Mild,8.605204068738951,day
456,2012-03-31,Summer,1,3,0,6,0,2,0.424167,0.738333,0.250617,2301,3934,6235,Weekend,Mild,8.738094230177667,day
457,2012-04-01,Summer,1,4,0,0,0,2,0.425833,0.67625,0.172267,2347,3694,6041,Weekend,Mild,8.706490361946617,day
458,2012-04-02,Summer,1,4,0,1,1,1,0.433913,0.504348,0.312139,1208,4728,5936,Weekday,Mild,8.688959234270676,day
459,2012-04-03,Summer,1,4,0,2,1,1,0.466667,0.396667,0.100133,1348,5424,6772,Weekday,Mild,8.820699399214904,day
460,2012-04-04,Summer,1,4,0,3,1,1,0.541667,0.469583,0.180975,1058,5378,6436,Weekday,Mild,8.769817872052617,day
461,2012-04-05,Summer,1,4,0,4,1,1,0.435,0.374167,0.219529,1192,5265,6457,Weekday,Mild,8.77307495131822,day
462,2012-04-06,Summer,1,4,0,5,1,1,0.403333,0.377083,0.300388,1807,4653,6460,Weekday,Mild,8.773539383558166,day
463,2012-04-07,Summer,1,4,0,6,0,1,0.4375,0.254167,0.274871,3252,3605,6857,Weekend,Mild,8.833171133022866,day
464,2012-04-08,Summer,1,4,0,0,0,1,0.5,0.275833,0.232596,2230,2939,5169,Weekend,Mild,8.550627967502475,day
465,2012-04-09,Summer,1,4,0,1,1,1,0.489167,0.3175,0.358196,905,4680,5585,Weekday,Mild,8.628018746505122,day
466,2012-04-10,Summer,1,4,0,2,1,1,0.446667,0.435,0.249375,819,5099,5918,Weekday,Mild,8.685922794690725,day
467,2012-04-11,Summer,1,4,0,3,1,1,0.348696,0.469565,0.295274,482,4380,4862,Weekday,Mild,8.489410810403786,day
468,2012-04-12,Summer,1,4,0,4,1,1,0.3975,0.46625,0.290429,663,4746,5409,Weekday,Mild,8.596004371840527,day
469,2012-04-13,Summer,1,4,0,5,1,1,0.4425,0.408333,0.155471,1252,5146,6398,Weekday,Mild,8.76389700713946,day
470,2012-04-14,Summer,1,4,0,6,0,1,0.495,0.502917,0.190917,2795,4665,7460,Weekend,Mild,8.917444732471514,day
471,2012-04-15,Summer,1,4,0,0,0,1,0.606667,0.507917,0.225129,2846,4286,7132,Weekend,Warm,8.872487182278038,day
472,2012-04-16,Summer,1,4,1,1,0,1,0.664167,0.561667,0.284829,1198,5172,6370,Weekday,Warm,8.759511722116489,day
473,2012-04-17,Summer,1,4,0,2,1,1,0.608333,0.390417,0.273629,989,5702,6691,Weekday,Warm,8.808668062106715,day
474,2012-04-18,Summer,1,4,0,3,1,2,0.463333,0.569167,0.167912,347,4020,4367,Weekday,Mild,8.38206051742474,day
475,2012-04-19,Summer,1,4,0,4,1,1,0.498333,0.6125,0.0659292,846,5719,6565,Weekday,Mild,8.789660098061537,day
476,2012-04-20,Summer,1,4,0,5,1,1,0.526667,0.694583,0.149871,1340,5950,7290,Weekday,Mild,8.89439598980643,day
477,2012-04-21,Summer,1,4,0,6,0,1,0.57,0.682917,0.283587,2541,4083,6624,Weekend,Mild,8.798605650854423,day
478,2012-04-22,Summer,1,4,0,0,0,3,0.396667,0.835417,0.344546,120,907,1027,Weekend,Mild,6.93537044601511,day
479,2012-04-23,Summer,1,4,0,1,1,2,0.321667,0.766667,0.303496,195,3019,3214,Weekday,Mild,8.07558263667172,day
480,2012-04-24,Summer,1,4,0,2,1,1,0.413333,0.454167,0.249383,518,5115,5633,Weekday,Mild,8.636574948436317,day
481,2012-04-25,Summer,1,4,0,3,1,1,0.476667,0.427917,0.118792,655,5541,6196,Weekday,Mild,8.731820582962108,day
482,2012-04-26,Summer,1,4,0,4,1,2,0.498333,0.756667,0.176625,475,4551,5026,Weekday,Mild,8.522578663692576,day
483,2012-04-27,Summer,1,4,0,5,1,1,0.4575,0.400833,0.347633,1014,5219,6233,Weekday,Mild,8.737773460327283,day
484,2012-04-28,Summer,1,4,0,6,0,2,0.376667,0.489583,0.129975,1120,3100,4220,Weekend,Mild,8.347827345782498,day
485,2012-04-29,Summer,1,4,0,0,0,1,0.458333,0.587083,0.116908,2229,4075,6304,Weekend,Mild,8.74909824839902,day
486,2012-04-30,Summer,1,4,0,1,1,2,0.464167,0.57,0.171638,665,4907,5572,Weekday,Mild,8.625688787569537,day
487,2012-05-01,Summer,1,5,0,2,1,2,0.613333,0.659583,0.156096,653,5087,5740,Weekday,Warm,8.655388690167637,day
488,2012-05-02,Summer,1,5,0,3,1,1,0.564167,0.797083,0.138058,667,5502,6169,Weekday,Mild,8.727454116899434,day
489,2012-05-03,Summer,1,5,0,4,1,2,0.56,0.768333,0.133696,764,5657,6421,Weekday,Mild,8.76748487464946,day
490,2012-05-04,Summer,1,5,0,5,1,1,0.6275,0.735417,0.162938,1069,5227,6296,Weekday,Warm,8.747828608488742,day
491,2012-05-05,Summer,1,5,0,6,0,2,0.621667,0.756667,0.152992,2496,4387,6883,Weekend,Warm,8.83695515733143,day
492,2012-05-06,Summer,1,5,0,0,0,2,0.5625,0.74,0.149879,2135,4224,6359,Weekend,Mild,8.757783656334167,day
493,2012-05-07,Summer,1,5,0,1,1,2,0.5375,0.664167,0.230721,1008,5265,6273,Weekday,Mild,8.744169388750624,day
494,2012-05-08,Summer,1,5,0,2,1,2,0.581667,0.685833,0.296029,738,4990,5728,Weekday,Mild,8.653296274408579,day
495,2012-05-09,Summer,1,5,0,3,1,2,0.575,0.744167,0.216412,620,4097,4717,Weekday,Mild,8.45914025996762,day
496,2012-05-10,Summer,1,5,0,4,1,1,0.505833,0.552083,0.314063,1026,5546,6572,Weekday,Mild,8.790725628263576,day
497,2012-05-11,Summer,1,5,0,5,1,1,0.533333,0.360417,0.236937,1319,5711,7030,Weekday,Mild,8.858084222199162,day
498,2012-05-12,Summer,1,5,0,6,0,1,0.564167,0.480417,0.123133,2622,4807,7429,Weekend,Mild,8.913281137711804,day
499,2012-05-13,Summer,1,5,0,0,0,1,0.6125,0.57625,0.225117,2172,3946,6118,Weekend,Warm,8.71915396346254,day
500,2012-05-14,Summer,1,5,0,1,1,2,0.573333,0.789583,0.212692,342,2501,2843,Weekday,Mild,7.952966790923131,day
501,2012-05-15,Summer,1,5,0,2,1,2,0.611667,0.794583,0.147392,625,4490,5115,Weekday,Warm,8.540128162698734,day
502,2012-05-16,Summer,1,5,0,3,1,1,0.636667,0.697917,0.122512,991,6433,7424,Weekday,Warm,8.9126079636709,day
503,2012-05-17,Summer,1,5,0,4,1,1,0.593333,0.52,0.229475,1242,6142,7384,Weekday,Mild,8.90720619496548,day
504,2012-05-18,Summer,1,5,0,5,1,1,0.564167,0.523333,0.136817,1521,6118,7639,Weekday,Mild,8.941152882160566,day
505,2012-05-19,Summer,1,5,0,6,0,1,0.6,0.45625,0.083975,3410,4884,8294,Weekend,Mild,9.023408202624545,day
506,2012-05-20,Summer,1,5,0,0,0,1,0.620833,0.530417,0.254367,2704,4425,7129,Weekend,Warm,8.872066513408342,day
507,2012-05-21,Summer,1,5,0,1,1,2,0.598333,0.81125,0.233204,630,3729,4359,Weekday,Mild,8.38022733634308,day
508,2012-05-22,Summer,1,5,0,2,1,2,0.615,0.765833,0.118167,819,5254,6073,Weekday,Warm,8.711772645605695,day
509,2012-05-23,Summer,1,5,0,3,1,2,0.621667,0.774583,0.102,766,4494,5260,Weekday,Warm,8.568076401730806,day
510,2012-05-24,Summer,1,5,0,4,1,1,0.655,0.716667,0.172896,1059,5711,6770,Weekday,Warm,8.820404065485645,day
511,2012-05-25,Summer,1,5,0,5,1,1,0.68,0.747083,0.14055,1417,5317,6734,Weekday,Warm,8.815073088844464,day
512,2012-05-26,Summer,1,5,0,6,0,1,0.6925,0.7325,0.198992,2855,3681,6536,Weekend,Warm,8.78523362361273,day
513,2012-05-27,Summer,1,5,0,0,0,1,0.69,0.697083,0.215171,3283,3308,6591,Weekend,Warm,8.793612071589308,day
514,2012-05-28,Summer,1,5,1,1,0,1,0.7125,0.67625,0.196521,2557,3486,6043,Weekday,Warm,8.70682132339263,day
515,2012-05-29,Summer,1,5,0,2,1,1,0.7225,0.684583,0.2954,880,4863,5743,Weekday,Warm,8.65591111072806,day
516,2012-05-30,Summer,1,5,0,3,1,2,0.656667,0.67,0.134329,745,6110,6855,Weekday,Warm,8.832879460277615,day
517,2012-05-31,Summer,1,5,0,4,1,1,0.68,0.492917,0.195279,1100,6238,7338,Weekday,Warm,8.900957872545062,day
518,2012-06-01,Summer,1,6,0,5,1,2,0.654167,0.755417,0.237563,533,3594,4127,Weekday,Warm,8.325548307161398,day
519,2012-06-02,Summer,1,6,0,6,0,1,0.583333,0.549167,0.186562,2795,5325,8120,Weekend,Mild,9.002208578282412,day
520,2012-06-03,Summer,1,6,0,0,0,1,0.6025,0.493333,0.184087,2494,5147,7641,Weekend,Warm,8.941414628006845,day
521,2012-06-04,Summer,1,6,0,1,1,1,0.5975,0.487083,0.284833,1071,5927,6998,Weekday,Mild,8.85352256068954,day
522,2012-06-05,Summer,1,6,0,2,1,2,0.540833,0.613333,0.209575,968,6033,7001,Weekday,Mild,8.85395110151461,day
523,2012-06-06,Summer,1,6,0,3,1,1,0.554167,0.61125,0.077125,1027,6028,7055,Weekday,Mild,8.861633597686627,day
524,2012-06-07,Summer,1,6,0,4,1,1,0.6025,0.567083,0.15735,1038,6456,7494,Weekday,Warm,8.921991410536698,day
525,2012-06-08,Summer,1,6,0,5,1,1,0.649167,0.467917,0.175383,1488,6248,7736,Weekday,Warm,8.953769294549454,day
526,2012-06-09,Summer,1,6,0,6,0,1,0.710833,0.437083,0.144287,2708,4790,7498,Weekend,Warm,8.92252495730139,day
527,2012-06-10,Summer,1,6,0,0,0,1,0.726667,0.538333,0.133721,2224,4374,6598,Weekend,Warm,8.794673401383422,day
528,2012-06-11,Summer,1,6,0,1,1,2,0.720833,0.587917,0.207713,1017,5647,6664,Weekday,Warm,8.804625232612809,day
529,2012-06-12,Summer,1,6,0,2,1,2,0.653333,0.833333,0.214546,477,4495,4972,Weekday,Warm,8.511778558714738,day
530,2012-06-13,Summer,1,6,0,3,1,1,0.655833,0.582083,0.343279,1173,6248,7421,Weekday,Warm,8.912203841620542,day
531,2012-06-14,Summer,1,6,0,4,1,1,0.648333,0.569583,0.253733,1180,6183,7363,Weekday,Warm,8.904358542352968,day
532,2012-06-15,Summer,1,6,0,5,1,1,0.639167,0.589583,0.176617,1563,6102,7665,Weekday,Warm,8.9445502459405,day
533,2012-06-16,Summer,1,6,0,6,0,1,0.631667,0.504167,0.166667,2963,4739,7702,Weekend,Warm,8.949365142352965,day
534,2012-06-17,Summer,1,6,0,0,0,1,0.5925,0.59875,0.144904,2634,4344,6978,Weekend,Mild,8.850660919017152,day
535,2012-06-18,Summer,1,6,0,1,1,2,0.568333,0.777917,0.174746,653,4446,5099,Weekday,Mild,8.536995818712418,day
536,2012-06-19,Summer,1,6,0,2,1,1,0.688333,0.69,0.148017,968,5857,6825,Weekday,Warm,8.828494129466652,day
537,2012-06-20,Summer,1,6,0,3,1,1,0.7825,0.592083,0.113812,872,5339,6211,Weekday,Warm,8.734238184268577,day
538,2012-06-21,Fall,1,6,0,4,1,1,0.805833,0.567917,0.118787,778,5127,5905,Weekday,Warm,8.683724062303869,day
539,2012-06-22,Fall,1,6,0,5,1,1,0.7775,0.57375,0.182842,964,4859,5823,Weekday,Warm,8.669742589876522,day
540,2012-06-23,Fall,1,6,0,6,0,1,0.731667,0.534583,0.179721,2657,4801,7458,Weekend,Warm,8.917176635955164,day
541,2012-06-24,Fall,1,6,0,0,0,1,0.743333,0.479167,0.145525,2551,4340,6891,Weekend,Warm,8.83811659764782,day
542,2012-06-25,Fall,1,6,0,1,1,1,0.715833,0.504167,0.300383,1139,5640,6779,Weekday,Warm,8.821732380934442,day
543,2012-06-26,Fall,1,6,0,2,1,1,0.630833,0.373333,0.347642,1077,6365,7442,Weekday,Warm,8.915029272359911,day
544,2012-06-27,Fall,1,6,0,3,1,1,0.6975,0.36,0.271775,1077,6258,7335,Weekday,Warm,8.9005490139363,day
545,2012-06-28,Fall,1,6,0,4,1,1,0.749167,0.4225,0.17165,921,5958,6879,Weekday,Warm,8.836373930927389,day
546,2012-06-29,Fall,1,6,0,5,1,1,0.834167,0.48875,0.165417,829,4634,5463,Weekday,Warm,8.605936401250625,day
547,2012-06-30,Fall,1,6,0,6,0,1,0.765,0.60125,0.161071,1455,4232,5687,Weekend,Warm,8.646113971483077,day
548,2012-07-01,Fall,1,7,0,0,0,1,0.815833,0.51875,0.168529,1421,4110,5531,Weekend,Warm,8.61830469278465,day
549,2012-07-02,Fall,1,7,0,1,1,1,0.781667,0.447083,0.195267,904,5323,6227,Weekday,Warm,8.73681053295389,day
550,2012-07-03,Fall,1,7,0,2,1,1,0.780833,0.492083,0.126237,1052,5608,6660,Weekday,Warm,8.804024902413179,day
551,2012-07-04,Fall,1,7,1,3,0,1,0.789167,0.53875,0.13495,2562,4841,7403,Weekday,Warm,8.909775673693389,day
552,2012-07-05,Fall,1,7,0,4,1,1,0.8275,0.457917,0.194029,1405,4836,6241,Weekday,Warm,8.739055922830724,day
553,2012-07-06,Fall,1,7,0,5,1,1,0.828333,0.450833,0.146142,1366,4841,6207,Weekday,Warm,8.733594061863055,day
554,2012-07-07,Fall,1,7,0,6,0,1,0.861667,0.492083,0.163554,1448,3392,4840,Weekend,Warm,8.484876589939695,day
555,2012-07-08,Fall,1,7,0,0,0,1,0.8225,0.57375,0.125629,1203,3469,4672,Weekend,Warm,8.449556542700426,day
556,2012-07-09,Fall,1,7,0,1,1,2,0.710833,0.683333,0.180975,998,5571,6569,Weekday,Warm,8.790269111478656,day
557,2012-07-10,Fall,1,7,0,2,1,2,0.720833,0.6675,0.151737,954,5336,6290,Weekday,Warm,8.74687531957003,day
558,2012-07-11,Fall,1,7,0,3,1,1,0.716667,0.633333,0.151733,975,6289,7264,Weekday,Warm,8.890823576004383,day
559,2012-07-12,Fall,1,7,0,4,1,1,0.715833,0.529583,0.146775,1032,6414,7446,Weekday,Warm,8.915566545710645,day
560,2012-07-13,Fall,1,7,0,5,1,2,0.731667,0.485833,0.08085,1511,5988,7499,Weekday,Warm,8.922658299524402,day
561,2012-07-14,Fall,1,7,0,6,0,2,0.703333,0.699167,0.143679,2355,4614,6969,Weekend,Warm,8.84937050375457,day
562,2012-07-15,Fall,1,7,0,0,0,1,0.745833,0.717917,0.166667,1920,4111,6031,Weekend,Warm,8.704833909687792,day
563,2012-07-16,Fall,1,7,0,1,1,1,0.763333,0.645,0.164187,1088,5742,6830,Weekday,Warm,8.82922635473185,day
564,2012-07-17,Fall,1,7,0,2,1,1,0.818333,0.505833,0.114429,921,5865,6786,Weekday,Warm,8.822764296703758,day
565,2012-07-18,Fall,1,7,0,3,1,1,0.793333,0.577083,0.137442,799,4914,5713,Weekday,Warm,8.65067458279072,day
566,2012-07-19,Fall,1,7,0,4,1,1,0.77,0.600417,0.165429,888,5703,6591,Weekday,Warm,8.793612071589308,day
567,2012-07-20,Fall,1,7,0,5,1,2,0.665833,0.844167,0.208967,747,5123,5870,Weekday,Warm,8.677780256064185,day
568,2012-07-21,Fall,1,7,0,6,0,3,0.595833,0.865417,0.2133,1264,3195,4459,Weekend,Mild,8.40290404501411,day
569,2012-07-22,Fall,1,7,0,0,0,2,0.6675,0.7625,0.0939208,2544,4866,7410,Weekend,Warm,8.910720661951359,day
570,2012-07-23,Fall,1,7,0,1,1,1,0.741667,0.694167,0.138683,1135,5831,6966,Weekday,Warm,8.848939995030118,day
571,2012-07-24,Fall,1,7,0,2,1,1,0.750833,0.655,0.211454,1140,6452,7592,Weekday,Warm,8.934982049213234,day
572,2012-07-25,Fall,1,7,0,3,1,1,0.724167,0.45,0.1648,1383,6790,8173,Weekday,Warm,9.008713664124222,day
573,2012-07-26,Fall,1,7,0,4,1,1,0.776667,0.596667,0.284813,1036,5825,6861,Weekday,Warm,8.833754223418396,day
574,2012-07-27,Fall,1,7,0,5,1,1,0.781667,0.594583,0.152992,1259,5645,6904,Weekday,Warm,8.840001065843392,day
575,2012-07-28,Fall,1,7,0,6,0,1,0.755833,0.613333,0.15735,2234,4451,6685,Weekend,Warm,8.807771066980044,day
576,2012-07-29,Fall,1,7,0,0,0,1,0.721667,0.62375,0.170396,2153,4444,6597,Weekend,Warm,8.794521851788527,day
577,2012-07-30,Fall,1,7,0,1,1,1,0.730833,0.66875,0.153617,1040,6065,7105,Weekday,Warm,8.868694776580972,day
578,2012-07-31,Fall,1,7,0,2,1,1,0.713333,0.704167,0.165425,968,6248,7216,Weekday,Warm,8.884194633072273,day
579,2012-08-01,Fall,1,8,0,3,1,1,0.7175,0.6775,0.141179,1074,6506,7580,Weekday,Warm,8.933400396056303,day
580,2012-08-02,Fall,1,8,0,4,1,1,0.7525,0.659583,0.129354,983,6278,7261,Weekday,Warm,8.89041055197428,day
581,2012-08-03,Fall,1,8,0,5,1,2,0.765833,0.6425,0.215792,1328,5847,7175,Weekday,Warm,8.878497403738631,day
582,2012-08-04,Fall,1,8,0,6,0,1,0.793333,0.613333,0.257458,2345,4479,6824,Weekend,Warm,8.82834762005316,day
583,2012-08-05,Fall,1,8,0,0,0,1,0.769167,0.6525,0.290421,1707,3757,5464,Weekend,Warm,8.60611940061064,day
584,2012-08-06,Fall,1,8,0,1,1,2,0.7525,0.654167,0.129354,1233,5780,7013,Weekday,Warm,8.855663430700123,day
585,2012-08-07,Fall,1,8,0,2,1,2,0.735833,0.70375,0.116908,1278,5995,7273,Weekday,Warm,8.892061625546935,day
586,2012-08-08,Fall,1,8,0,3,1,2,0.75,0.672917,0.1107,1263,6271,7534,Weekday,Warm,8.927314111060596,day
587,2012-08-09,Fall,1,8,0,4,1,1,0.755833,0.620417,0.1561,1196,6090,7286,Weekday,Warm,8.893847217670283,day
588,2012-08-10,Fall,1,8,0,5,1,2,0.715833,0.715833,0.238813,1065,4721,5786,Weekday,Warm,8.663369301573839,day
589,2012-08-11,Fall,1,8,0,6,0,2,0.6925,0.732917,0.206479,2247,4052,6299,Weekend,Warm,8.748304912379623,day
590,2012-08-12,Fall,1,8,0,0,0,1,0.700833,0.530417,0.122512,2182,4362,6544,Weekend,Warm,8.786456678344,day
591,2012-08-13,Fall,1,8,0,1,1,1,0.720833,0.545417,0.136212,1207,5676,6883,Weekday,Warm,8.83695515733143,day
592,2012-08-14,Fall,1,8,0,2,1,1,0.726667,0.686667,0.169158,1128,5656,6784,Weekday,Warm,8.82246957226897,day
593,2012-08-15,Fall,1,8,0,3,1,1,0.706667,0.619583,0.169771,1198,6149,7347,Weekday,Warm,8.902183446335016,day
594,2012-08-16,Fall,1,8,0,4,1,1,0.719167,0.519167,0.141796,1338,6267,7605,Weekday,Warm,8.936692688488204,day
595,2012-08-17,Fall,1,8,0,5,1,1,0.723333,0.570833,0.231354,1483,5665,7148,Weekday,Warm,8.874727765766853,day
596,2012-08-18,Fall,1,8,0,6,0,1,0.678333,0.603333,0.177867,2827,5038,7865,Weekend,Warm,8.970304952991755,day
597,2012-08-19,Fall,1,8,0,0,0,2,0.635833,0.711667,0.08645,1208,3341,4549,Weekend,Warm,8.422882511944996,day
598,2012-08-20,Fall,1,8,0,1,1,2,0.635833,0.734167,0.129979,1026,5504,6530,Weekday,Warm,8.784315349902657,day
599,2012-08-21,Fall,1,8,0,2,1,1,0.649167,0.67375,0.0727708,1081,5925,7006,Weekday,Warm,8.854664928370534,day
600,2012-08-22,Fall,1,8,0,3,1,1,0.6675,0.677083,0.0702833,1094,6281,7375,Weekday,Warm,8.90598676523643,day
601,2012-08-23,Fall,1,8,0,4,1,1,0.695833,0.635833,0.0845958,1363,6402,7765,Weekday,Warm,8.957510510291613,day
602,2012-08-24,Fall,1,8,0,5,1,2,0.7025,0.615,0.0721458,1325,6257,7582,Weekday,Warm,8.933664178700935,day
603,2012-08-25,Fall,1,8,0,6,0,2,0.661667,0.712917,0.244408,1829,4224,6053,Weekend,Warm,8.708474489581665,day
604,2012-08-26,Fall,1,8,0,0,0,2,0.653333,0.845833,0.228858,1483,3772,5255,Weekend,Warm,8.567125560164447,day
605,2012-08-27,Fall,1,8,0,1,1,1,0.703333,0.730417,0.128733,989,5928,6917,Weekday,Warm,8.841881989497114,day
606,2012-08-28,Fall,1,8,0,2,1,1,0.728333,0.62,0.190925,935,6105,7040,Weekday,Warm,8.859505484519133,day
607,2012-08-29,Fall,1,8,0,3,1,1,0.685,0.552083,0.112562,1177,6520,7697,Weekday,Warm,8.948715833843691,day
608,2012-08-30,Fall,1,8,0,4,1,1,0.706667,0.590417,0.0771167,1172,6541,7713,Weekday,Warm,8.950792138768174,day
609,2012-08-31,Fall,1,8,0,5,1,1,0.764167,0.5875,0.168533,1433,5917,7350,Weekday,Warm,8.902591637374087,day
610,2012-09-01,Fall,1,9,0,6,0,2,0.753333,0.638333,0.113187,2352,3788,6140,Weekend,Warm,8.722742874329398,day
611,2012-09-02,Fall,1,9,0,0,0,2,0.696667,0.815,0.0640708,2613,3197,5810,Weekend,Warm,8.667507952075105,day
612,2012-09-03,Fall,1,9,1,1,0,1,0.7075,0.790833,0.151121,1965,4069,6034,Weekday,Warm,8.705331133531631,day
613,2012-09-04,Fall,1,9,0,2,1,1,0.725833,0.755,0.236321,867,5997,6864,Weekday,Warm,8.834191318202071,day
614,2012-09-05,Fall,1,9,0,3,1,1,0.736667,0.74125,0.187808,832,6280,7112,Weekday,Warm,8.869679374733515,day
615,2012-09-06,Fall,1,9,0,4,1,2,0.696667,0.810417,0.142421,611,5592,6203,Weekday,Warm,8.73294952429643,day
616,2012-09-07,Fall,1,9,0,5,1,1,0.703333,0.73625,0.171646,1045,6459,7504,Weekday,Warm,8.923324744067562,day
617,2012-09-08,Fall,1,9,0,6,0,2,0.659167,0.799167,0.281104,1557,4419,5976,Weekend,Warm,8.695674048824253,day
618,2012-09-09,Fall,1,9,0,0,0,1,0.61,0.5475,0.224496,2570,5657,8227,Weekend,Warm,9.015298250772847,day
619,2012-09-10,Fall,1,9,0,1,1,1,0.583333,0.50375,0.258713,1118,6407,7525,Weekday,Mild,8.926118971153382,day
620,2012-09-11,Fall,1,9,0,2,1,1,0.5775,0.52,0.0920542,1070,6697,7767,Weekday,Mild,8.957768009971161,day
621,2012-09-12,Fall,1,9,0,3,1,1,0.599167,0.577083,0.131846,1050,6820,7870,Weekday,Mild,8.97094039814245,day
622,2012-09-13,Fall,1,9,0,4,1,1,0.6125,0.637083,0.0827208,1054,6750,7804,Weekday,Warm,8.962519832949532,day
623,2012-09-14,Fall,1,9,0,5,1,1,0.633333,0.6725,0.103863,1379,6630,8009,Weekday,Warm,8.988446040062405,day
624,2012-09-15,Fall,1,9,0,6,0,1,0.608333,0.501667,0.247521,3160,5554,8714,Weekend,Warm,9.07280095795412,day
625,2012-09-16,Fall,1,9,0,0,0,1,0.58,0.57,0.0901833,2166,5167,7333,Weekend,Mild,8.900276348631271,day
626,2012-09-17,Fall,1,9,0,1,1,2,0.580833,0.734583,0.151742,1022,5847,6869,Weekday,Mild,8.834919385216395,day
627,2012-09-18,Fall,1,9,0,2,1,2,0.623333,0.8725,0.357587,371,3702,4073,Weekday,Warm,8.31238059678675,day
628,2012-09-19,Fall,1,9,0,3,1,1,0.5525,0.536667,0.215175,788,6803,7591,Weekday,Mild,8.934850340289763,day
629,2012-09-20,Fall,1,9,0,4,1,1,0.546667,0.618333,0.118167,939,6781,7720,Weekday,Mild,8.951699168308815,day
630,2012-09-21,Fall,1,9,0,5,1,1,0.599167,0.66875,0.154229,1250,6917,8167,Weekday,Mild,9.0079793598445,day
631,2012-09-22,Fall,1,9,0,6,0,1,0.65,0.646667,0.283583,2512,5883,8395,Weekend,Warm,9.035510680940524,day
632,2012-09-23,Winter,1,9,0,0,0,1,0.529167,0.467083,0.223258,2454,5453,7907,Weekend,Mild,8.975630184290507,day
633,2012-09-24,Winter,1,9,0,1,1,1,0.514167,0.492917,0.142404,1001,6435,7436,Weekday,Mild,8.9142228207033,day
634,2012-09-25,Winter,1,9,0,2,1,1,0.55,0.57,0.236321,845,6693,7538,Weekday,Mild,8.927844826211702,day
635,2012-09-26,Winter,1,9,0,3,1,1,0.635,0.630833,0.2444,787,6946,7733,Weekday,Warm,8.953381472167242,day
636,2012-09-27,Winter,1,9,0,4,1,2,0.65,0.690833,0.134342,751,6642,7393,Weekday,Warm,8.908424139496578,day
637,2012-09-28,Winter,1,9,0,5,1,2,0.619167,0.69,0.164179,1045,6370,7415,Weekday,Warm,8.91139510724569,day
638,2012-09-29,Winter,1,9,0,6,0,1,0.5425,0.542917,0.227604,2589,5966,8555,Weekend,Mild,9.054388070202297,day
639,2012-09-30,Winter,1,9,0,0,0,1,0.526667,0.583333,0.134958,2015,4874,6889,Weekend,Mild,8.837826364007704,day
640,2012-10-01,Winter,1,10,0,1,1,2,0.520833,0.649167,0.0908042,763,6015,6778,Weekday,Mild,8.821584877430965,day
641,2012-10-02,Winter,1,10,0,2,1,3,0.590833,0.871667,0.104475,315,4324,4639,Weekday,Mild,8.442469645220301,day
642,2012-10-03,Winter,1,10,0,3,1,2,0.6575,0.79375,0.0665458,728,6844,7572,Weekday,Warm,8.932344569113823,day
643,2012-10-04,Winter,1,10,0,4,1,2,0.6575,0.722917,0.117546,891,6437,7328,Weekday,Warm,8.89959435992585,day
644,2012-10-05,Winter,1,10,0,5,1,1,0.615,0.6275,0.10635,1516,6640,8156,Weekday,Warm,9.00663173330058,day
645,2012-10-06,Winter,1,10,0,6,0,1,0.554167,0.664167,0.268025,3031,4934,7965,Weekend,Mild,8.982937763741589,day
646,2012-10-07,Winter,1,10,0,0,0,2,0.415833,0.708333,0.141162,781,2729,3510,Weekend,Mild,8.163656176168432,day
647,2012-10-08,Winter,1,10,1,1,0,2,0.383333,0.709583,0.189679,874,4604,5478,Weekday,Mild,8.608677881538416,day
648,2012-10-09,Winter,1,10,0,2,1,2,0.446667,0.761667,0.1903,601,5791,6392,Weekday,Mild,8.762958920766726,day
649,2012-10-10,Winter,1,10,0,3,1,1,0.514167,0.630833,0.187821,780,6911,7691,Weekday,Mild,8.94793610670867,day
650,2012-10-11,Winter,1,10,0,4,1,1,0.435,0.463333,0.181596,834,6736,7570,Weekday,Mild,8.932080438103307,day
651,2012-10-12,Winter,1,10,0,5,1,1,0.4375,0.539167,0.235092,1060,6222,7282,Weekday,Mild,8.893298144217916,day
652,2012-10-13,Winter,1,10,0,6,0,1,0.393333,0.494583,0.146142,2252,4857,7109,Weekend,Mild,8.869257522797287,day
653,2012-10-14,Winter,1,10,0,0,0,1,0.521667,0.640417,0.278612,2080,4559,6639,Weekend,Mild,8.80086724247048,day
654,2012-10-15,Winter,1,10,0,1,1,2,0.561667,0.7075,0.296037,760,5115,5875,Weekday,Mild,8.678631537293768,day
655,2012-10-16,Winter,1,10,0,2,1,1,0.468333,0.558333,0.182221,922,6612,7534,Weekday,Mild,8.927314111060596,day
656,2012-10-17,Winter,1,10,0,3,1,1,0.455833,0.692917,0.101371,979,6482,7461,Weekday,Mild,8.917578753781104,day
657,2012-10-18,Winter,1,10,0,4,1,2,0.5225,0.728333,0.236937,1008,6501,7509,Weekday,Mild,8.92399074475818,day
658,2012-10-19,Winter,1,10,0,5,1,2,0.563333,0.815,0.134954,753,4671,5424,Weekday,Mild,8.59877317840866,day
659,2012-10-20,Winter,1,10,0,6,0,1,0.484167,0.572917,0.117537,2806,5284,8090,Weekend,Mild,8.99850761180784,day
660,2012-10-21,Winter,1,10,0,0,0,1,0.464167,0.51,0.166054,2132,4692,6824,Weekend,Mild,8.82834762005316,day
661,2012-10-22,Winter,1,10,0,1,1,1,0.4875,0.568333,0.0814833,830,6228,7058,Weekday,Mild,8.862058677395472,day
662,2012-10-23,Winter,1,10,0,2,1,1,0.544167,0.641667,0.0945458,841,6625,7466,Weekday,Mild,8.918248591035702,day
663,2012-10-24,Winter,1,10,0,3,1,1,0.5875,0.63625,0.0727792,795,6898,7693,Weekday,Mild,8.94819608331224,day
664,2012-10-25,Winter,1,10,0,4,1,2,0.55,0.800417,0.124375,875,6484,7359,Weekday,Mild,8.903815211722922,day
665,2012-10-26,Winter,1,10,0,5,1,2,0.545833,0.807083,0.132467,1182,6262,7444,Weekday,Mild,8.915297945118109,day
666,2012-10-27,Winter,1,10,0,6,0,2,0.53,0.72,0.235692,2643,5209,7852,Weekend,Mild,8.968650903374874,day
667,2012-10-28,Winter,1,10,0,0,0,2,0.4775,0.694583,0.398008,998,3461,4459,Weekend,Mild,8.40290404501411,day
668,2012-10-29,Winter,1,10,0,1,1,3,0.44,0.88,0.3582,2,20,22,Weekday,Mild,3.1354942159291497,day
669,2012-10-30,Winter,1,10,0,2,1,2,0.318182,0.825455,0.213009,87,1009,1096,Weekday,Mild,7.00033446027523,day
670,2012-10-31,Winter,1,10,0,3,1,2,0.3575,0.666667,0.166667,419,5147,5566,Weekday,Mild,8.624611588183507,day
671,2012-11-01,Winter,1,11,0,4,1,2,0.365833,0.581667,0.157346,466,5520,5986,Weekday,Mild,8.697345730925353,day
672,2012-11-02,Winter,1,11,0,5,1,1,0.355,0.522083,0.266175,618,5229,5847,Weekday,Mild,8.673855001429615,day
673,2012-11-03,Winter,1,11,0,6,0,2,0.343333,0.49125,0.270529,1029,4109,5138,Weekend,Mild,8.54461378699223,day
674,2012-11-04,Winter,1,11,0,0,0,1,0.325833,0.532917,0.179108,1201,3906,5107,Weekend,Mild,8.53856321715243,day
675,2012-11-05,Winter,1,11,0,1,1,1,0.319167,0.494167,0.236325,378,4881,5259,Weekday,Mild,8.567886305731756,day
676,2012-11-06,Winter,1,11,0,2,1,1,0.280833,0.567083,0.173513,466,5220,5686,Weekday,Cold,8.645938147306799,day
677,2012-11-07,Winter,1,11,0,3,1,2,0.295833,0.5475,0.304108,326,4709,5035,Weekday,Cold,8.524367395164237,day
678,2012-11-08,Winter,1,11,0,4,1,1,0.352174,0.333478,0.347835,340,4975,5315,Weekday,Mild,8.578476419833136,day
679,2012-11-09,Winter,1,11,0,5,1,1,0.361667,0.540833,0.214558,709,5283,5992,Weekday,Mild,8.698347400458186,day
680,2012-11-10,Winter,1,11,0,6,0,1,0.389167,0.645417,0.0578458,2090,4446,6536,Weekend,Mild,8.78523362361273,day
681,2012-11-11,Winter,1,11,0,0,0,1,0.420833,0.659167,0.1275,2290,4562,6852,Weekend,Mild,8.832441791585824,day
682,2012-11-12,Winter,1,11,1,1,0,1,0.485,0.741667,0.173517,1097,5172,6269,Weekday,Mild,8.743531633626967,day
683,2012-11-13,Winter,1,11,0,2,1,2,0.343333,0.662917,0.342046,327,3767,4094,Weekday,Mild,8.31752199628717,day
684,2012-11-14,Winter,1,11,0,3,1,1,0.289167,0.552083,0.199625,373,5122,5495,Weekday,Cold,8.611775833902186,day
685,2012-11-15,Winter,1,11,0,4,1,2,0.321667,0.620417,0.152987,320,5125,5445,Weekday,Mild,8.602636673233706,day
686,2012-11-16,Winter,1,11,0,5,1,1,0.345,0.524583,0.171025,484,5214,5698,Weekday,Mild,8.648045999835,day
687,2012-11-17,Winter,1,11,0,6,0,1,0.325,0.545417,0.179729,1313,4316,5629,Weekend,Mild,8.635864721133736,day
688,2012-11-18,Winter,1,11,0,0,0,1,0.3425,0.692917,0.227612,922,3747,4669,Weekend,Mild,8.448914350662942,day
689,2012-11-19,Winter,1,11,0,1,1,2,0.380833,0.623333,0.235067,449,5050,5499,Weekday,Mild,8.612503371220562,day
690,2012-11-20,Winter,1,11,0,2,1,2,0.374167,0.685,0.082725,534,5100,5634,Weekday,Mild,8.636752426473876,day
691,2012-11-21,Winter,1,11,0,3,1,1,0.353333,0.61375,0.103246,615,4531,5146,Weekday,Mild,8.546169299652755,day
692,2012-11-22,Winter,1,11,1,4,0,1,0.34,0.580417,0.0528708,955,1470,2425,Weekday,Mild,7.793999089503996,day
693,2012-11-23,Winter,1,11,0,5,1,1,0.368333,0.56875,0.148021,1603,2307,3910,Weekday,Mild,8.271548374755515,day
694,2012-11-24,Winter,1,11,0,6,0,1,0.278333,0.404583,0.376871,532,1745,2277,Weekend,Cold,7.731053144007127,day
695,2012-11-25,Winter,1,11,0,0,0,1,0.245833,0.468333,0.1505,309,2115,2424,Weekend,Cold,7.793586803371584,day
696,2012-11-26,Winter,1,11,0,1,1,1,0.313333,0.535417,0.04665,337,4750,5087,Weekday,Mild,8.534640105019959,day
697,2012-11-27,Winter,1,11,0,2,1,2,0.291667,0.786667,0.237562,123,3836,3959,Weekday,Cold,8.283999304248526,day
698,2012-11-28,Winter,1,11,0,3,1,1,0.296667,0.50625,0.210821,198,5062,5260,Weekday,Cold,8.568076401730806,day
699,2012-11-29,Winter,1,11,0,4,1,1,0.28087,0.555652,0.115522,243,5080,5323,Weekday,Cold,8.579980179515003,day
700,2012-11-30,Winter,1,11,0,5,1,1,0.298333,0.649583,0.0584708,362,5306,5668,Weekday,Cold,8.642768014324304,day
701,2012-12-01,Winter,1,12,0,6,0,2,0.298333,0.806667,0.0597042,951,4240,5191,Weekend,Cold,8.554874258383926,day
702,2012-12-02,Winter,1,12,0,0,0,2,0.3475,0.823333,0.124379,892,3757,4649,Weekend,Mild,8.444622498581403,day
703,2012-12-03,Winter,1,12,0,1,1,1,0.4525,0.7675,0.0827208,555,5679,6234,Weekday,Mild,8.737933858114136,day
704,2012-12-04,Winter,1,12,0,2,1,1,0.475833,0.73375,0.174129,551,6055,6606,Weekday,Mild,8.795884972029885,day
705,2012-12-05,Winter,1,12,0,3,1,1,0.438333,0.485,0.324021,331,5398,5729,Weekday,Mild,8.653470809708786,day
706,2012-12-06,Winter,1,12,0,4,1,1,0.255833,0.50875,0.174754,340,5035,5375,Weekday,Cold,8.589699882202986,day
707,2012-12-07,Winter,1,12,0,5,1,2,0.320833,0.764167,0.1306,349,4659,5008,Weekday,Mild,8.518991573357617,day
708,2012-12-08,Winter,1,12,0,6,0,2,0.381667,0.91125,0.101379,1153,4429,5582,Weekend,Mild,8.62748154531036,day
709,2012-12-09,Winter,1,12,0,0,0,2,0.384167,0.905417,0.157975,441,2787,3228,Weekend,Mild,8.079927770758275,day
710,2012-12-10,Winter,1,12,0,1,1,2,0.435833,0.925,0.190308,329,4841,5170,Weekday,Mild,8.550821372396221,day
711,2012-12-11,Winter,1,12,0,2,1,2,0.353333,0.596667,0.296037,282,5219,5501,Weekday,Mild,8.61286694148452,day
712,2012-12-12,Winter,1,12,0,3,1,2,0.2975,0.538333,0.162937,310,5009,5319,Weekday,Cold,8.57922858233569,day
713,2012-12-13,Winter,1,12,0,4,1,1,0.295833,0.485833,0.174129,425,5107,5532,Weekday,Cold,8.618485442898109,day
714,2012-12-14,Winter,1,12,0,5,1,1,0.281667,0.642917,0.131229,429,5182,5611,Weekday,Cold,8.632662441222351,day
715,2012-12-15,Winter,1,12,0,6,0,1,0.324167,0.650417,0.10635,767,4280,5047,Weekend,Mild,8.52674740422105,day
716,2012-12-16,Winter,1,12,0,0,0,2,0.3625,0.83875,0.100742,538,3248,3786,Weekend,Mild,8.239329427901795,day
717,2012-12-17,Winter,1,12,0,1,1,2,0.393333,0.907083,0.0982583,212,4373,4585,Weekday,Mild,8.43076346341785,day
718,2012-12-18,Winter,1,12,0,2,1,1,0.410833,0.66625,0.221404,433,5124,5557,Weekday,Mild,8.62299361030245,day
719,2012-12-19,Winter,1,12,0,3,1,1,0.3325,0.625417,0.184092,333,4934,5267,Weekday,Mild,8.569406062863171,day
720,2012-12-20,Winter,1,12,0,4,1,2,0.33,0.667917,0.132463,314,3814,4128,Weekday,Mild,8.32579052588609,day
721,2012-12-21,Spring,1,12,0,5,1,2,0.326667,0.556667,0.374383,221,3402,3623,Weekday,Mild,8.19533366716287,day
722,2012-12-22,Spring,1,12,0,6,0,1,0.265833,0.44125,0.407346,205,1544,1749,Weekend,Cold,7.467371066917559,day
723,2012-12-23,Spring,1,12,0,0,0,1,0.245833,0.515417,0.133083,408,1379,1787,Weekend,Cold,7.488852955733459,day
724,2012-12-24,Spring,1,12,0,1,1,2,0.231304,0.791304,0.0772304,174,746,920,Weekday,Cold,6.825460036255307,day
725,2012-12-25,Spring,1,12,1,2,0,2,0.291304,0.734783,0.168726,440,573,1013,Weekday,Cold,6.921658184151129,day
726,2012-12-26,Spring,1,12,0,3,1,3,0.243333,0.823333,0.316546,9,432,441,Weekday,Cold,6.091309882077698,day
727,2012-12-27,Spring,1,12,0,4,1,2,0.254167,0.652917,0.350133,247,1867,2114,Weekday,Cold,7.656810091480378,day
728,2012-12-28,Spring,1,12,0,5,1,2,0.253333,0.59,0.155471,644,2451,3095,Weekday,Cold,8.037866234709618,day
729,2012-12-29,Spring,1,12,0,6,0,2,0.253333,0.752917,0.124383,159,1182,1341,Weekend,Cold,7.201916317531627,day
730,2012-12-30,Spring,1,12,0,0,0,1,0.255833,0.483333,0.350754,364,1432,1796,Weekend,Cold,7.493873886783559,day
731,2012-12-31,Spring,1,12,0,1,1,2,0.215833,0.5775,0.154846,439,2290,2729,Weekday,Cold,7.912056888179006,day
